record_id,ticket_id,customer_id,dataset_split,customer_complaint,category,intent,product,severity,sentiment,language,interaction_mode,channel,entities_json,conversation_context,previous_troubleshooting,retrieval_text,resolution,resolution_attempt,resolution_status,evidence_status,evidence_score,citation_source_id,citation_type,customer_feedback,human_verification_status,knowledge_state,emerging_class_signal,escalation_required,created_at,source,source_type
TELCO-039278,SYN-TKT-039278,SYN-CUST-09278,development,My phone supports 5G but 5G is not available for the last two days. The issue has continued despite basic checks. Can you help me with the troubleshooting process? [synthetic case 039278],CONNECTIVITY,5g_not_available,5G service,medium,neutral,en,voice,mobile_app,"{""product"": ""5G service"", ""time_reference"": ""for the last two days"", ""channel"": ""mobile_app""}",Product=5G service; intent=5g_not_available; issue=5G is not available; channel=mobile_app; interaction=voice,Not stated,My phone supports 5G but 5G is not available for the last two days. The issue has continued despite basic checks. Can you help me with the troubleshooting process? [synthetic case 039278] | CONNECTIVITY | 5g_not_available | 5G service | Not stated,"Confirm that the device and service support 5G, check the selected network mode, restart the device, and record the observed network mode if 5G remains unavailable.",1,resolved,sufficient,0.84,KB-008,knowledge_base,solved,verified_template,trusted,none,no,22/02/26,synthetic_controlled_generation,synthetic_support_ticket
TELCO-006848,SYN-TKT-006848,SYN-CUST-06848,development,My phone supports 5G but 5G is not available since this morning. The issue has continued despite basic checks. Please help me identify what to do next. [synthetic case 006848],CONNECTIVITY,5g_not_available,5G service,medium,urgent,en,voice,voice_transcription,"{""product"": ""5G service"", ""time_reference"": ""since this morning"", ""channel"": ""voice_transcription""}",Product=5G service; intent=5g_not_available; issue=5G is not available; channel=voice_transcription; interaction=voice,Not stated,My phone supports 5G but 5G is not available since this morning. The issue has continued despite basic checks. Please help me identify what to do next. [synthetic case 006848] | CONNECTIVITY | 5g_not_available | 5G service | Not stated,"Confirm that the device and service support 5G, check the selected network mode, restart the device, and record the observed network mode if 5G remains unavailable.",1,resolved,sufficient,0.84,KB-008,knowledge_base,solved,verified_template,trusted,none,no,16/08/26,synthetic_controlled_generation,synthetic_support_ticket
TELCO-001538,SYN-TKT-001538,SYN-CUST-01538,development,My phone supports 5G but 5G is not available for the past week. The issue has continued despite basic checks. Can you help me with the troubleshooting process? [synthetic case 001538],CONNECTIVITY,5g_not_available,5G service,medium,neutral,en,voice,mobile_app,"{""product"": ""5G service"", ""time_reference"": ""for the past week"", ""channel"": ""mobile_app""}",Product=5G service; intent=5g_not_available; issue=5G is not available; channel=mobile_app; interaction=voice,Not stated,My phone supports 5G but 5G is not available for the past week. The issue has continued despite basic checks. Can you help me with the troubleshooting process? [synthetic case 001538] | CONNECTIVITY | 5g_not_available | 5G service | Not stated,"Confirm that the device and service support 5G, check the selected network mode, restart the device, and record the observed network mode if 5G remains unavailable.",1,resolved,sufficient,0.84,KB-008,knowledge_base,solved,verified_template,trusted,none,no,26/02/26,synthetic_controlled_generation,synthetic_support_ticket
TELCO-045548,SYN-TKT-045548,SYN-CUST-05548,development,My phone supports 5G but 5G is not available after work. The issue has continued despite basic checks. Please help me identify what to do next. [synthetic case 045548],CONNECTIVITY,5g_not_available,5G service,medium,urgent,en,voice,voice_transcription,"{""product"": ""5G service"", ""time_reference"": ""after work"", ""channel"": ""voice_transcription""}",Product=5G service; intent=5g_not_available; issue=5G is not available; channel=voice_transcription; interaction=voice,Not stated,My phone supports 5G but 5G is not available after work. The issue has continued despite basic checks. Please help me identify what to do next. [synthetic case 045548] | CONNECTIVITY | 5g_not_available | 5G service | Not stated,"Confirm that the device and service support 5G, check the selected network mode, restart the device, and record the observed network mode if 5G remains unavailable.",1,resolved,sufficient,0.84,KB-008,knowledge_base,solved,verified_template,trusted,none,no,20/08/26,synthetic_controlled_generation,synthetic_support_ticket
TELCO-016898,SYN-TKT-016898,SYN-CUST-06898,development,My phone supports 5G but 5G is not available for the past week. The issue has continued despite basic checks. Can you help me with the troubleshooting process? [synthetic case 016898],CONNECTIVITY,5g_not_available,5G service,medium,neutral,en,voice,mobile_app,"{""product"": ""5G service"", ""time_reference"": ""for the past week"", ""channel"": ""mobile_app""}",Product=5G service; intent=5g_not_available; issue=5G is not available; channel=mobile_app; interaction=voice,Not stated,My phone supports 5G but 5G is not available for the past week. The issue has continued despite basic checks. Can you help me with the troubleshooting process? [synthetic case 016898] | CONNECTIVITY | 5g_not_available | 5G service | Not stated,"Confirm that the device and service support 5G, check the selected network mode, restart the device, and record the observed network mode if 5G remains unavailable.",1,resolved,sufficient,0.84,KB-008,knowledge_base,solved,verified_template,trusted,none,no,14/02/26,synthetic_controlled_generation,synthetic_support_ticket
TELCO-015038,SYN-TKT-015038,SYN-CUST-05038,development,My phone supports 5G but 5G is not available for the last two days. The issue has continued despite basic checks. Can you help me with the troubleshooting process? [synthetic case 015038],CONNECTIVITY,5g_not_available,5G service,medium,neutral,en,voice,mobile_app,"{""product"": ""5G service"", ""time_reference"": ""for the last two days"", ""channel"": ""mobile_app""}",Product=5G service; intent=5g_not_available; issue=5G is not available; channel=mobile_app; interaction=voice,Not stated,My phone supports 5G but 5G is not available for the last two days. The issue has continued despite basic checks. Can you help me with the troubleshooting process? [synthetic case 015038] | CONNECTIVITY | 5g_not_available | 5G service | Not stated,"Confirm that the device and service support 5G, check the selected network mode, restart the device, and record the observed network mode if 5G remains unavailable.",1,resolved,sufficient,0.84,KB-008,knowledge_base,solved,verified_template,trusted,none,no,02/02/26,synthetic_controlled_generation,synthetic_support_ticket
TELCO-013718,SYN-TKT-013718,SYN-CUST-03718,development,My phone supports 5G but 5G is not available for the last two days. The issue has continued despite basic checks. Can you help me with the troubleshooting process? [synthetic case 013718],CONNECTIVITY,5g_not_available,5G service,medium,neutral,en,voice,mobile_app,"{""product"": ""5G service"", ""time_reference"": ""for the last two days"", ""channel"": ""mobile_app""}",Product=5G service; intent=5g_not_available; issue=5G is not available; channel=mobile_app; interaction=voice,Not stated,My phone supports 5G but 5G is not available for the last two days. The issue has continued despite basic checks. Can you help me with the troubleshooting process? [synthetic case 013718] | CONNECTIVITY | 5g_not_available | 5G service | Not stated,"Confirm that the device and service support 5G, check the selected network mode, restart the device, and record the observed network mode if 5G remains unavailable.",1,resolved,sufficient,0.84,KB-008,knowledge_base,solved,verified_template,trusted,none,no,26/02/26,synthetic_controlled_generation,synthetic_support_ticket
TELCO-008558,SYN-TKT-008558,SYN-CUST-08558,development,My phone supports 5G but 5G is not available for the last two days. The issue has continued despite basic checks. Can you help me with the troubleshooting process? [synthetic case 008558],CONNECTIVITY,5g_not_available,5G service,medium,neutral,en,voice,mobile_app,"{""product"": ""5G service"", ""time_reference"": ""for the last two days"", ""channel"": ""mobile_app""}",Product=5G service; intent=5g_not_available; issue=5G is not available; channel=mobile_app; interaction=voice,Not stated,My phone supports 5G but 5G is not available for the last two days. The issue has continued despite basic checks. Can you help me with the troubleshooting process? [synthetic case 008558] | CONNECTIVITY | 5g_not_available | 5G service | Not stated,"Confirm that the device and service support 5G, check the selected network mode, restart the device, and record the observed network mode if 5G remains unavailable.",1,resolved,sufficient,0.84,KB-008,knowledge_base,solved,verified_template,trusted,none,no,18/02/26,synthetic_controlled_generation,synthetic_support_ticket
TELCO-045248,SYN-TKT-045248,SYN-CUST-05248,development,My phone supports 5G but 5G is not available since this morning. The issue has continued despite basic checks. Please help me identify what to do next. [synthetic case 045248],CONNECTIVITY,5g_not_available,5G service,medium,urgent,en,voice,voice_transcription,"{""product"": ""5G service"", ""time_reference"": ""since this morning"", ""channel"": ""voice_transcription""}",Product=5G service; intent=5g_not_available; issue=5G is not available; channel=voice_transcription; interaction=voice,Not stated,My phone supports 5G but 5G is not available since this morning. The issue has continued despite basic checks. Please help me identify what to do next. [synthetic case 045248] | CONNECTIVITY | 5g_not_available | 5G service | Not stated,"Confirm that the device and service support 5G, check the selected network mode, restart the device, and record the observed network mode if 5G remains unavailable.",1,resolved,sufficient,0.84,KB-008,knowledge_base,solved,verified_template,trusted,none,no,28/08/26,synthetic_controlled_generation,synthetic_support_ticket
TELCO-006278,SYN-TKT-006278,SYN-CUST-06278,development,My phone supports 5G but 5G is not available for the last two days. The issue has continued despite basic checks. Can you help me with the troubleshooting process? [synthetic case 006278],CONNECTIVITY,5g_not_available,5G service,medium,neutral,en,voice,mobile_app,"{""product"": ""5G service"", ""time_reference"": ""for the last two days"", ""channel"": ""mobile_app""}",Product=5G service; intent=5g_not_available; issue=5G is not available; channel=mobile_app; interaction=voice,Not stated,My phone supports 5G but 5G is not available for the last two days. The issue has continued despite basic checks. Can you help me with the troubleshooting process? [synthetic case 006278] | CONNECTIVITY | 5g_not_available | 5G service | Not stated,"Confirm that the device and service support 5G, check the selected network mode, restart the device, and record the observed network mode if 5G remains unavailable.",1,resolved,sufficient,0.84,KB-008,knowledge_base,solved,verified_template,trusted,none,no,06/02/26,synthetic_controlled_generation,synthetic_support_ticket
TELCO-041566,SYN-TKT-041566,SYN-CUST-01566,development,I cannot log in to my account. The issue happens repeatedly. I have already checked the basic settings. [synthetic case 041566],ACCOUNT,account_login,customer account,medium,neutral,en,guided,mobile_app,"{""product"": ""customer account"", ""time_reference"": ""for the last two days"", ""channel"": ""mobile_app""}",Product=customer account; intent=account_login; issue=Unable to access account; channel=mobile_app; interaction=guided,Not stated,I cannot log in to my account. The issue happens repeatedly. I have already checked the basic settings. [synthetic case 041566] | ACCOUNT | account_login | customer account | Not stated,"Verify the entered account identifier, retry login, and use the approved account recovery process if access remains unavailable.",1,resolved,sufficient,0.84,KB-016,knowledge_base,solved,verified_template,trusted,none,no,14/10/26,synthetic_controlled_generation,synthetic_support_ticket
TELCO-045496,SYN-TKT-045496,SYN-CUST-05496,development,I cannot log in to my account. The issue happens repeatedly. Please tell me the approved next step. [synthetic case 045496],ACCOUNT,account_login,customer account,medium,urgent,en,guided,voice_transcription,"{""product"": ""customer account"", ""time_reference"": ""since this morning"", ""channel"": ""voice_transcription""}",Product=customer account; intent=account_login; issue=Unable to access account; channel=voice_transcription; interaction=guided,Not stated,I cannot log in to my account. The issue happens repeatedly. Please tell me the approved next step. [synthetic case 045496] | ACCOUNT | account_login | customer account | Not stated,"Verify the entered account identifier, retry login, and use the approved account recovery process if access remains unavailable.",1,resolved,sufficient,0.84,KB-016,knowledge_base,solved,verified_template,trusted,none,no,24/04/26,synthetic_controlled_generation,synthetic_support_ticket
TELCO-054826,SYN-TKT-054826,SYN-CUST-04826,development,I cannot log in to my account. The issue happens repeatedly. I have already checked the basic settings. [synthetic case 054826],ACCOUNT,account_login,customer account,medium,neutral,en,guided,mobile_app,"{""product"": ""customer account"", ""time_reference"": ""for the past week"", ""channel"": ""mobile_app""}",Product=customer account; intent=account_login; issue=Unable to access account; channel=mobile_app; interaction=guided,Not stated,I cannot log in to my account. The issue happens repeatedly. I have already checked the basic settings. [synthetic case 054826] | ACCOUNT | account_login | customer account | Not stated,"Verify the entered account identifier, retry login, and use the approved account recovery process if access remains unavailable.",1,resolved,sufficient,0.84,KB-016,knowledge_base,solved,verified_template,trusted,none,no,02/10/26,synthetic_controlled_generation,synthetic_support_ticket
TELCO-033496,SYN-TKT-033496,SYN-CUST-03496,development,I cannot log in to my account. The issue happens repeatedly. Please tell me the approved next step. [synthetic case 033496],ACCOUNT,account_login,customer account,medium,urgent,en,guided,voice_transcription,"{""product"": ""customer account"", ""time_reference"": ""since this morning"", ""channel"": ""voice_transcription""}",Product=customer account; intent=account_login; issue=Unable to access account; channel=voice_transcription; interaction=guided,Not stated,I cannot log in to my account. The issue happens repeatedly. Please tell me the approved next step. [synthetic case 033496] | ACCOUNT | account_login | customer account | Not stated,"Verify the entered account identifier, retry login, and use the approved account recovery process if access remains unavailable.",1,resolved,sufficient,0.84,KB-016,knowledge_base,solved,verified_template,trusted,none,no,08/04/26,synthetic_controlled_generation,synthetic_support_ticket
TELCO-005356,SYN-TKT-005356,SYN-CUST-05356,development,I cannot log in to my account. The issue happens repeatedly. Please tell me the approved next step. [synthetic case 005356],ACCOUNT,account_login,customer account,medium,urgent,en,guided,voice_transcription,"{""product"": ""customer account"", ""time_reference"": ""after work"", ""channel"": ""voice_transcription""}",Product=customer account; intent=account_login; issue=Unable to access account; channel=voice_transcription; interaction=guided,Not stated,I cannot log in to my account. The issue happens repeatedly. Please tell me the approved next step. [synthetic case 005356] | ACCOUNT | account_login | customer account | Not stated,"Verify the entered account identifier, retry login, and use the approved account recovery process if access remains unavailable.",1,resolved,sufficient,0.84,KB-016,knowledge_base,solved,verified_template,trusted,none,no,08/04/26,synthetic_controlled_generation,synthetic_support_ticket
TELCO-036286,SYN-TKT-036286,SYN-CUST-06286,development,I cannot log in to my account. The issue happens repeatedly. I have already checked the basic settings. [synthetic case 036286],ACCOUNT,account_login,customer account,medium,neutral,en,guided,mobile_app,"{""product"": ""customer account"", ""time_reference"": ""for the last two days"", ""channel"": ""mobile_app""}",Product=customer account; intent=account_login; issue=Unable to access account; channel=mobile_app; interaction=guided,Not stated,I cannot log in to my account. The issue happens repeatedly. I have already checked the basic settings. [synthetic case 036286] | ACCOUNT | account_login | customer account | Not stated,"Verify the entered account identifier, retry login, and use the approved account recovery process if access remains unavailable.",1,resolved,sufficient,0.84,KB-016,knowledge_base,solved,verified_template,trusted,none,no,26/10/26,synthetic_controlled_generation,synthetic_support_ticket
TELCO-025936,SYN-TKT-025936,SYN-CUST-05936,development,I cannot log in to my account. The issue happens repeatedly. Please tell me the approved next step. [synthetic case 025936],ACCOUNT,account_login,customer account,medium,urgent,en,guided,voice_transcription,"{""product"": ""customer account"", ""time_reference"": ""since this morning"", ""channel"": ""voice_transcription""}",Product=customer account; intent=account_login; issue=Unable to access account; channel=voice_transcription; interaction=guided,Not stated,I cannot log in to my account. The issue happens repeatedly. Please tell me the approved next step. [synthetic case 025936] | ACCOUNT | account_login | customer account | Not stated,"Verify the entered account identifier, retry login, and use the approved account recovery process if access remains unavailable.",1,resolved,sufficient,0.84,KB-016,knowledge_base,solved,verified_template,trusted,none,no,08/04/26,synthetic_controlled_generation,synthetic_support_ticket
TELCO-001966,SYN-TKT-001966,SYN-CUST-01966,development,I cannot log in to my account. The issue happens repeatedly. I have already checked the basic settings. [synthetic case 001966],ACCOUNT,account_login,customer account,medium,neutral,en,guided,mobile_app,"{""product"": ""customer account"", ""time_reference"": ""for the last two days"", ""channel"": ""mobile_app""}",Product=customer account; intent=account_login; issue=Unable to access account; channel=mobile_app; interaction=guided,Not stated,I cannot log in to my account. The issue happens repeatedly. I have already checked the basic settings. [synthetic case 001966] | ACCOUNT | account_login | customer account | Not stated,"Verify the entered account identifier, retry login, and use the approved account recovery process if access remains unavailable.",1,resolved,sufficient,0.84,KB-016,knowledge_base,solved,verified_template,trusted,none,no,06/10/26,synthetic_controlled_generation,synthetic_support_ticket
TELCO-001846,SYN-TKT-001846,SYN-CUST-01846,development,I cannot log in to my account. The issue happens repeatedly. I have already checked the basic settings. [synthetic case 001846],ACCOUNT,account_login,customer account,medium,neutral,en,guided,mobile_app,"{""product"": ""customer account"", ""time_reference"": ""for the last two days"", ""channel"": ""mobile_app""}",Product=customer account; intent=account_login; issue=Unable to access account; channel=mobile_app; interaction=guided,Not stated,I cannot log in to my account. The issue happens repeatedly. I have already checked the basic settings. [synthetic case 001846] | ACCOUNT | account_login | customer account | Not stated,"Verify the entered account identifier, retry login, and use the approved account recovery process if access remains unavailable.",1,resolved,sufficient,0.84,KB-016,knowledge_base,solved,verified_template,trusted,none,no,26/10/26,synthetic_controlled_generation,synthetic_support_ticket
TELCO-005746,SYN-TKT-005746,SYN-CUST-05746,development,I cannot log in to my account. The issue happens repeatedly. I have already checked the basic settings. [synthetic case 005746],ACCOUNT,account_login,customer account,medium,neutral,en,guided,mobile_app,"{""product"": ""customer account"", ""time_reference"": ""for the past week"", ""channel"": ""mobile_app""}",Product=customer account; intent=account_login; issue=Unable to access account; channel=mobile_app; interaction=guided,Not stated,I cannot log in to my account. The issue happens repeatedly. I have already checked the basic settings. [synthetic case 005746] | ACCOUNT | account_login | customer account | Not stated,"Verify the entered account identifier, retry login, and use the approved account recovery process if access remains unavailable.",1,resolved,sufficient,0.84,KB-016,knowledge_base,solved,verified_template,trusted,none,no,06/10/26,synthetic_controlled_generation,synthetic_support_ticket
TELCO-013439,SYN-TKT-013439,SYN-CUST-03439,calibration,I am concerned about the security of my account. The issue started recently. This is affecting my normal usage. [synthetic case 013439],SECURITY,account_security,online account,critical,frustrated,en,voice,agent_console,"{""product"": ""online account"", ""time_reference"": ""since yesterday"", ""channel"": ""agent_console""}",Product=online account; intent=account_security; issue=Account security concern; channel=agent_console; interaction=voice,Not stated,I am concerned about the security of my account. The issue started recently. This is affecting my normal usage. [synthetic case 013439] | SECURITY | account_security | online account | Not stated,"Do not disclose sensitive account information in chat; use the approved account-security process, secure the account, and escalate suspicious activity for review.",1,resolved,sufficient,0.84,KB-029,knowledge_base,solved,verified_template,trusted,none,yes,27/11/26,synthetic_controlled_generation,synthetic_support_ticket
TELCO-014309,SYN-TKT-014309,SYN-CUST-04309,calibration,I am concerned about the security of my account. The issue started recently. I would like support with this problem. [synthetic case 014309],SECURITY,account_security,online account,critical,negative,en,voice,web,"{""product"": ""online account"", ""time_reference"": ""during the evening"", ""channel"": ""web""}",Product=online account; intent=account_security; issue=Account security concern; channel=web; interaction=voice,Not stated,I am concerned about the security of my account. The issue started recently. I would like support with this problem. [synthetic case 014309] | SECURITY | account_security | online account | Not stated,"Do not disclose sensitive account information in chat; use the approved account-security process, secure the account, and escalate suspicious activity for review.",1,resolved,sufficient,0.84,KB-029,knowledge_base,solved,verified_template,trusted,none,yes,01/05/26,synthetic_controlled_generation,synthetic_support_ticket
TELCO-031039,SYN-TKT-031039,SYN-CUST-01039,calibration,I want to dispute a charge on my bill. The issue started recently. I need a clear troubleshooting path. [synthetic case 031039],BILLING,billing_dispute,invoice,medium,frustrated,en,guided,agent_console,"{""product"": ""invoice"", ""time_reference"": ""since yesterday"", ""channel"": ""agent_console""}",Product=invoice; intent=billing_dispute; issue=Customer disputes a bill; channel=agent_console; interaction=guided,Not stated,I want to dispute a charge on my bill. The issue started recently. I need a clear troubleshooting path. [synthetic case 031039] | BILLING | billing_dispute | invoice | Not stated,"Review the bill details, identify the disputed line item, record the billing period and reason for dispute, and submit the dispute through the approved billing process.",1,resolved,sufficient,0.84,KB-019,knowledge_base,solved,verified_template,trusted,none,no,15/07/26,synthetic_controlled_generation,synthetic_support_ticket
TELCO-036979,SYN-TKT-036979,SYN-CUST-06979,calibration,I want to dispute a charge on my bill. The issue started recently. I need a clear troubleshooting path. [synthetic case 036979],BILLING,billing_dispute,invoice,medium,frustrated,en,guided,agent_console,"{""product"": ""invoice"", ""time_reference"": ""intermittently"", ""channel"": ""agent_console""}",Product=invoice; intent=billing_dispute; issue=Customer disputes a bill; channel=agent_console; interaction=guided,Not stated,I want to dispute a charge on my bill. The issue started recently. I need a clear troubleshooting path. [synthetic case 036979] | BILLING | billing_dispute | invoice | Not stated,"Review the bill details, identify the disputed line item, record the billing period and reason for dispute, and submit the dispute through the approved billing process.",1,resolved,sufficient,0.84,KB-019,knowledge_base,solved,verified_template,trusted,none,no,19/07/26,synthetic_controlled_generation,synthetic_support_ticket
TELCO-001630,SYN-TKT-001630,SYN-CUST-01630,held_out_test,My broadband keeps disconnecting for the last two days. The issue is intermittent. I have already checked the basic settings. [synthetic case 001630],CONNECTIVITY,broadband_disconnects,ONT,medium,neutral,en,guided,mobile_app,"{""product"": ""ONT"", ""time_reference"": ""for the last two days"", ""channel"": ""mobile_app""}",Product=ONT; intent=broadband_disconnects; issue=Broadband disconnects intermittently; channel=mobile_app; interaction=guided,Not stated,My broadband keeps disconnecting for the last two days. The issue is intermittent. I have already checked the basic settings. [synthetic case 001630] | CONNECTIVITY | broadband_disconnects | ONT | Not stated,"Check router/ONT status, restart the equipment, observe whether the connection drops again, and record the time pattern for escalation if intermittent drops continue.",1,resolved,sufficient,0.84,KB-010,knowledge_base,solved,verified_template,trusted,none,no,06/10/26,synthetic_controlled_generation,synthetic_support_ticket
TELCO-034480,SYN-TKT-034480,SYN-CUST-04480,held_out_test,My broadband keeps disconnecting since this morning. The issue is intermittent. Please tell me the approved next step. [synthetic case 034480],CONNECTIVITY,broadband_disconnects,ONT,medium,urgent,en,guided,voice_transcription,"{""product"": ""ONT"", ""time_reference"": ""since this morning"", ""channel"": ""voice_transcription""}",Product=ONT; intent=broadband_disconnects; issue=Broadband disconnects intermittently; channel=voice_transcription; interaction=guided,Not stated,My broadband keeps disconnecting since this morning. The issue is intermittent. Please tell me the approved next step. [synthetic case 034480] | CONNECTIVITY | broadband_disconnects | ONT | Not stated,"Check router/ONT status, restart the equipment, observe whether the connection drops again, and record the time pattern for escalation if intermittent drops continue.",1,resolved,sufficient,0.84,KB-010,knowledge_base,solved,verified_template,trusted,none,no,12/04/26,synthetic_controlled_generation,synthetic_support_ticket
TELCO-012221,SYN-TKT-012221,SYN-CUST-02221,development,My broadband is connected to the router but there is no internet during the evening. The issue happens repeatedly. I would like support with this problem. [synthetic case 012221],CONNECTIVITY,broadband_no_internet,broadband,high,negative,en,voice,web,"{""product"": ""broadband"", ""time_reference"": ""during the evening"", ""channel"": ""web""}",Product=broadband; intent=broadband_no_internet; issue=Broadband has no internet; channel=web; interaction=voice,Not stated,My broadband is connected to the router but there is no internet during the evening. The issue happens repeatedly. I would like support with this problem. [synthetic case 012221] | CONNECTIVITY | broadband_no_internet | broadband | Not stated,"Check router/ONT status and physical connections, restart the equipment, retry access, and escalate with device/status details if service remains unavailable.",2,candidate,insufficient,0.42,candidate_case_pending_review,candidate_case,not_collected,pending_human_review,candidate,emerging_candidate,no,13/05/26,synthetic_controlled_generation,synthetic_support_ticket
TELCO-043991,SYN-TKT-043991,SYN-CUST-03991,development,My broadband is connected to the router but there is no internet since yesterday. The issue happens repeatedly. This is affecting my normal usage. [synthetic case 043991],CONNECTIVITY,broadband_no_internet,broadband,high,frustrated,en,voice,agent_console,"{""product"": ""broadband"", ""time_reference"": ""since yesterday"", ""channel"": ""agent_console""}",Product=broadband; intent=broadband_no_internet; issue=Broadband has no internet; channel=agent_console; interaction=voice,Not stated,My broadband is connected to the router but there is no internet since yesterday. The issue happens repeatedly. This is affecting my normal usage. [synthetic case 043991] | CONNECTIVITY | broadband_no_internet | broadband | Not stated,"Check router/ONT status and physical connections, restart the equipment, retry access, and escalate with device/status details if service remains unavailable.",2,candidate,insufficient,0.42,candidate_case_pending_review,candidate_case,not_collected,pending_human_review,candidate,none,no,03/11/26,synthetic_controlled_generation,synthetic_support_ticket
TELCO-039911,SYN-TKT-039911,SYN-CUST-09911,development,My broadband is connected to the router but there is no internet since yesterday. The issue happens repeatedly. This is affecting my normal usage. [synthetic case 039911],CONNECTIVITY,broadband_no_internet,broadband,high,frustrated,en,voice,agent_console,"{""product"": ""broadband"", ""time_reference"": ""since yesterday"", ""channel"": ""agent_console""}",Product=broadband; intent=broadband_no_internet; issue=Broadband has no internet; channel=agent_console; interaction=voice,Not stated,My broadband is connected to the router but there is no internet since yesterday. The issue happens repeatedly. This is affecting my normal usage. [synthetic case 039911] | CONNECTIVITY | broadband_no_internet | broadband | Not stated,"Check router/ONT status and physical connections, restart the equipment, retry access, and escalate with device/status details if service remains unavailable.",2,candidate,insufficient,0.42,candidate_case_pending_review,candidate_case,not_collected,pending_human_review,candidate,none,no,11/11/26,synthetic_controlled_generation,synthetic_support_ticket
TELCO-043091,SYN-TKT-043091,SYN-CUST-03091,development,My broadband is connected to the router but there is no internet intermittently. The issue happens repeatedly. This is affecting my normal usage. [synthetic case 043091],CONNECTIVITY,broadband_no_internet,broadband,high,frustrated,en,voice,agent_console,"{""product"": ""broadband"", ""time_reference"": ""intermittently"", ""channel"": ""agent_console""}",Product=broadband; intent=broadband_no_internet; issue=Broadband has no internet; channel=agent_console; interaction=voice,Not stated,My broadband is connected to the router but there is no internet intermittently. The issue happens repeatedly. This is affecting my normal usage. [synthetic case 043091] | CONNECTIVITY | broadband_no_internet | broadband | Not stated,"Check router/ONT status and physical connections, restart the equipment, retry access, and escalate with device/status details if service remains unavailable.",2,candidate,insufficient,0.42,candidate_case_pending_review,candidate_case,not_collected,pending_human_review,candidate,none,no,27/11/26,synthetic_controlled_generation,synthetic_support_ticket
TELCO-033491,SYN-TKT-033491,SYN-CUST-03491,development,My broadband is connected to the router but there is no internet intermittently. The issue happens repeatedly. This is affecting my normal usage. [synthetic case 033491],CONNECTIVITY,broadband_no_internet,broadband,high,frustrated,en,voice,agent_console,"{""product"": ""broadband"", ""time_reference"": ""intermittently"", ""channel"": ""agent_console""}",Product=broadband; intent=broadband_no_internet; issue=Broadband has no internet; channel=agent_console; interaction=voice,Not stated,My broadband is connected to the router but there is no internet intermittently. The issue happens repeatedly. This is affecting my normal usage. [synthetic case 033491] | CONNECTIVITY | broadband_no_internet | broadband | Not stated,"Check router/ONT status and physical connections, restart the equipment, retry access, and escalate with device/status details if service remains unavailable.",2,candidate,insufficient,0.42,candidate_case_pending_review,candidate_case,not_collected,pending_human_review,candidate,none,no,03/11/26,synthetic_controlled_generation,synthetic_support_ticket
TELCO-025781,SYN-TKT-025781,SYN-CUST-05781,development,My broadband is connected to the router but there is no internet during the evening. The issue happens repeatedly. I would like support with this problem. [synthetic case 025781],CONNECTIVITY,broadband_no_internet,broadband,high,negative,en,voice,web,"{""product"": ""broadband"", ""time_reference"": ""during the evening"", ""channel"": ""web""}",Product=broadband; intent=broadband_no_internet; issue=Broadband has no internet; channel=web; interaction=voice,Not stated,My broadband is connected to the router but there is no internet during the evening. The issue happens repeatedly. I would like support with this problem. [synthetic case 025781] | CONNECTIVITY | broadband_no_internet | broadband | Not stated,"Check router/ONT status and physical connections, restart the equipment, retry access, and escalate with device/status details if service remains unavailable.",2,candidate,insufficient,0.42,candidate_case_pending_review,candidate_case,not_collected,pending_human_review,candidate,emerging_candidate,no,21/05/26,synthetic_controlled_generation,synthetic_support_ticket
TELCO-013541,SYN-TKT-013541,SYN-CUST-03541,development,My broadband is connected to the router but there is no internet during the evening. The issue happens repeatedly. I would like support with this problem. [synthetic case 013541],CONNECTIVITY,broadband_no_internet,broadband,high,negative,en,voice,web,"{""product"": ""broadband"", ""time_reference"": ""during the evening"", ""channel"": ""web""}",Product=broadband; intent=broadband_no_internet; issue=Broadband has no internet; channel=web; interaction=voice,Not stated,My broadband is connected to the router but there is no internet during the evening. The issue happens repeatedly. I would like support with this problem. [synthetic case 013541] | CONNECTIVITY | broadband_no_internet | broadband | Not stated,"Check router/ONT status and physical connections, restart the equipment, retry access, and escalate with device/status details if service remains unavailable.",2,candidate,insufficient,0.42,candidate_case_pending_review,candidate_case,not_collected,pending_human_review,candidate,emerging_candidate,no,17/05/26,synthetic_controlled_generation,synthetic_support_ticket
TELCO-027581,SYN-TKT-027581,SYN-CUST-07581,development,My broadband is connected to the router but there is no internet during the evening. The issue happens repeatedly. I would like support with this problem. [synthetic case 027581],CONNECTIVITY,broadband_no_internet,broadband,high,negative,en,voice,web,"{""product"": ""broadband"", ""time_reference"": ""during the evening"", ""channel"": ""web""}",Product=broadband; intent=broadband_no_internet; issue=Broadband has no internet; channel=web; interaction=voice,Not stated,My broadband is connected to the router but there is no internet during the evening. The issue happens repeatedly. I would like support with this problem. [synthetic case 027581] | CONNECTIVITY | broadband_no_internet | broadband | Not stated,"Check router/ONT status and physical connections, restart the equipment, retry access, and escalate with device/status details if service remains unavailable.",2,candidate,insufficient,0.42,candidate_case_pending_review,candidate_case,not_collected,pending_human_review,candidate,emerging_candidate,no,01/05/26,synthetic_controlled_generation,synthetic_support_ticket
TELCO-036191,SYN-TKT-036191,SYN-CUST-06191,development,My broadband is connected to the router but there is no internet since yesterday. The issue happens repeatedly. This is affecting my normal usage. [synthetic case 036191],CONNECTIVITY,broadband_no_internet,broadband,high,frustrated,en,voice,agent_console,"{""product"": ""broadband"", ""time_reference"": ""since yesterday"", ""channel"": ""agent_console""}",Product=broadband; intent=broadband_no_internet; issue=Broadband has no internet; channel=agent_console; interaction=voice,Not stated,My broadband is connected to the router but there is no internet since yesterday. The issue happens repeatedly. This is affecting my normal usage. [synthetic case 036191] | CONNECTIVITY | broadband_no_internet | broadband | Not stated,"Check router/ONT status and physical connections, restart the equipment, retry access, and escalate with device/status details if service remains unavailable.",2,candidate,insufficient,0.42,candidate_case_pending_review,candidate_case,not_collected,pending_human_review,candidate,none,no,15/11/26,synthetic_controlled_generation,synthetic_support_ticket
TELCO-017081,SYN-TKT-017081,SYN-CUST-07081,development,My broadband is connected to the router but there is no internet today. The issue happens repeatedly. I would like support with this problem. [synthetic case 017081],CONNECTIVITY,broadband_no_internet,broadband,high,negative,en,voice,web,"{""product"": ""broadband"", ""time_reference"": ""today"", ""channel"": ""web""}",Product=broadband; intent=broadband_no_internet; issue=Broadband has no internet; channel=web; interaction=voice,Not stated,My broadband is connected to the router but there is no internet today. The issue happens repeatedly. I would like support with this problem. [synthetic case 017081] | CONNECTIVITY | broadband_no_internet | broadband | Not stated,"Check router/ONT status and physical connections, restart the equipment, retry access, and escalate with device/status details if service remains unavailable.",2,candidate,insufficient,0.42,candidate_case_pending_review,candidate_case,not_collected,pending_human_review,candidate,emerging_candidate,no,01/05/26,synthetic_controlled_generation,synthetic_support_ticket
TELCO-049719,SYN-TKT-049719,SYN-CUST-09719,calibration,My broadband speed is slow since yesterday. The issue started recently. I need assistance resolving this issue. [synthetic case 049719],CONNECTIVITY,broadband_slow,router,medium,frustrated,en,free_text,agent_console,"{""product"": ""router"", ""time_reference"": ""since yesterday"", ""channel"": ""agent_console""}",Product=router; intent=broadband_slow; issue=Broadband speed is slow; channel=agent_console; interaction=free_text,Not stated,My broadband speed is slow since yesterday. The issue started recently. I need assistance resolving this issue. [synthetic case 049719] | CONNECTIVITY | broadband_slow | router | Not stated,"Restart the router/ONT, test the connection again, compare performance across devices where possible, and record the time pattern and connection details if the slowdown persists.",1,resolved,sufficient,0.84,KB-009,knowledge_base,solved,verified_template,trusted,none,no,19/03/26,synthetic_controlled_generation,synthetic_support_ticket
TELCO-053409,SYN-TKT-053409,SYN-CUST-03409,calibration,My broadband speed is slow today. The issue started recently. I would like to troubleshoot this. [synthetic case 053409],CONNECTIVITY,broadband_slow,router,medium,negative,en,free_text,web,"{""product"": ""router"", ""time_reference"": ""today"", ""channel"": ""web""}",Product=router; intent=broadband_slow; issue=Broadband speed is slow; channel=web; interaction=free_text,Not stated,My broadband speed is slow today. The issue started recently. I would like to troubleshoot this. [synthetic case 053409] | CONNECTIVITY | broadband_slow | router | Not stated,"Restart the router/ONT, test the connection again, compare performance across devices where possible, and record the time pattern and connection details if the slowdown persists.",1,resolved,sufficient,0.84,KB-009,knowledge_base,solved,verified_template,trusted,none,no,13/09/26,synthetic_controlled_generation,synthetic_support_ticket
TELCO-000393,SYN-TKT-000393,SYN-CUST-00393,development,My calls keep dropping today. The issue has continued despite basic checks. I would like to troubleshoot this. [synthetic case 000393],CONNECTIVITY,call_drops,5G service,medium,negative,en,free_text,web,"{""product"": ""5G service"", ""time_reference"": ""today"", ""channel"": ""web""}",Product=5G service; intent=call_drops; issue=Calls drop unexpectedly; channel=web; interaction=free_text,Not stated,My calls keep dropping today. The issue has continued despite basic checks. I would like to troubleshoot this. [synthetic case 000393] | CONNECTIVITY | call_drops | 5G service | Not stated,"Check signal availability, retry from another location if possible, restart the device, and record the time and frequency of dropped calls for escalation if the issue continues.",1,resolved,sufficient,0.84,KB-003,knowledge_base,solved,verified_template,trusted,none,no,01/09/26,synthetic_controlled_generation,synthetic_support_ticket
TELCO-046623,SYN-TKT-046623,SYN-CUST-06623,development,My calls keep dropping since yesterday. The issue has continued despite basic checks. I need assistance resolving this issue. [synthetic case 046623],CONNECTIVITY,call_drops,5G service,medium,frustrated,en,free_text,agent_console,"{""product"": ""5G service"", ""time_reference"": ""since yesterday"", ""channel"": ""agent_console""}",Product=5G service; intent=call_drops; issue=Calls drop unexpectedly; channel=agent_console; interaction=free_text,Not stated,My calls keep dropping since yesterday. The issue has continued despite basic checks. I need assistance resolving this issue. [synthetic case 046623] | CONNECTIVITY | call_drops | 5G service | Not stated,"Check signal availability, retry from another location if possible, restart the device, and record the time and frequency of dropped calls for escalation if the issue continues.",1,resolved,sufficient,0.84,KB-003,knowledge_base,solved,verified_template,trusted,none,no,03/03/26,synthetic_controlled_generation,synthetic_support_ticket
TELCO-049503,SYN-TKT-049503,SYN-CUST-09503,development,My calls keep dropping since yesterday. The issue has continued despite basic checks. I need assistance resolving this issue. [synthetic case 049503],CONNECTIVITY,call_drops,5G service,medium,frustrated,en,free_text,agent_console,"{""product"": ""5G service"", ""time_reference"": ""since yesterday"", ""channel"": ""agent_console""}",Product=5G service; intent=call_drops; issue=Calls drop unexpectedly; channel=agent_console; interaction=free_text,Not stated,My calls keep dropping since yesterday. The issue has continued despite basic checks. I need assistance resolving this issue. [synthetic case 049503] | CONNECTIVITY | call_drops | 5G service | Not stated,"Check signal availability, retry from another location if possible, restart the device, and record the time and frequency of dropped calls for escalation if the issue continues.",1,resolved,sufficient,0.84,KB-003,knowledge_base,solved,verified_template,trusted,none,no,27/03/26,synthetic_controlled_generation,synthetic_support_ticket
TELCO-009783,SYN-TKT-009783,SYN-CUST-09783,development,My calls keep dropping since yesterday. The issue has continued despite basic checks. I need assistance resolving this issue. [synthetic case 009783],CONNECTIVITY,call_drops,5G service,medium,frustrated,en,free_text,agent_console,"{""product"": ""5G service"", ""time_reference"": ""since yesterday"", ""channel"": ""agent_console""}",Product=5G service; intent=call_drops; issue=Calls drop unexpectedly; channel=agent_console; interaction=free_text,Not stated,My calls keep dropping since yesterday. The issue has continued despite basic checks. I need assistance resolving this issue. [synthetic case 009783] | CONNECTIVITY | call_drops | 5G service | Not stated,"Check signal availability, retry from another location if possible, restart the device, and record the time and frequency of dropped calls for escalation if the issue continues.",1,resolved,sufficient,0.84,KB-003,knowledge_base,solved,verified_template,trusted,none,no,11/03/26,synthetic_controlled_generation,synthetic_support_ticket
TELCO-042873,SYN-TKT-042873,SYN-CUST-02873,development,My calls keep dropping today. The issue has continued despite basic checks. I would like to troubleshoot this. [synthetic case 042873],CONNECTIVITY,call_drops,5G service,medium,negative,en,free_text,web,"{""product"": ""5G service"", ""time_reference"": ""today"", ""channel"": ""web""}",Product=5G service; intent=call_drops; issue=Calls drop unexpectedly; channel=web; interaction=free_text,Not stated,My calls keep dropping today. The issue has continued despite basic checks. I would like to troubleshoot this. [synthetic case 042873] | CONNECTIVITY | call_drops | 5G service | Not stated,"Check signal availability, retry from another location if possible, restart the device, and record the time and frequency of dropped calls for escalation if the issue continues.",1,resolved,sufficient,0.84,KB-003,knowledge_base,solved,verified_template,trusted,none,no,05/09/26,synthetic_controlled_generation,synthetic_support_ticket
TELCO-025953,SYN-TKT-025953,SYN-CUST-05953,development,My calls keep dropping today. The issue has continued despite basic checks. I would like to troubleshoot this. [synthetic case 025953],CONNECTIVITY,call_drops,5G service,medium,negative,en,free_text,web,"{""product"": ""5G service"", ""time_reference"": ""today"", ""channel"": ""web""}",Product=5G service; intent=call_drops; issue=Calls drop unexpectedly; channel=web; interaction=free_text,Not stated,My calls keep dropping today. The issue has continued despite basic checks. I would like to troubleshoot this. [synthetic case 025953] | CONNECTIVITY | call_drops | 5G service | Not stated,"Check signal availability, retry from another location if possible, restart the device, and record the time and frequency of dropped calls for escalation if the issue continues.",1,resolved,sufficient,0.84,KB-003,knowledge_base,solved,verified_template,trusted,none,no,25/09/26,synthetic_controlled_generation,synthetic_support_ticket
TELCO-020883,SYN-TKT-020883,SYN-CUST-00883,development,My calls keep dropping intermittently. The issue has continued despite basic checks. I need assistance resolving this issue. [synthetic case 020883],CONNECTIVITY,call_drops,5G service,medium,frustrated,en,free_text,agent_console,"{""product"": ""5G service"", ""time_reference"": ""intermittently"", ""channel"": ""agent_console""}",Product=5G service; intent=call_drops; issue=Calls drop unexpectedly; channel=agent_console; interaction=free_text,Not stated,My calls keep dropping intermittently. The issue has continued despite basic checks. I need assistance resolving this issue. [synthetic case 020883] | CONNECTIVITY | call_drops | 5G service | Not stated,"Check signal availability, retry from another location if possible, restart the device, and record the time and frequency of dropped calls for escalation if the issue continues.",1,resolved,sufficient,0.84,KB-003,knowledge_base,solved,verified_template,trusted,none,no,23/03/26,synthetic_controlled_generation,synthetic_support_ticket
TELCO-017073,SYN-TKT-017073,SYN-CUST-07073,development,My calls keep dropping today. The issue has continued despite basic checks. I would like to troubleshoot this. [synthetic case 017073],CONNECTIVITY,call_drops,5G service,medium,negative,en,free_text,web,"{""product"": ""5G service"", ""time_reference"": ""today"", ""channel"": ""web""}",Product=5G service; intent=call_drops; issue=Calls drop unexpectedly; channel=web; interaction=free_text,Not stated,My calls keep dropping today. The issue has continued despite basic checks. I would like to troubleshoot this. [synthetic case 017073] | CONNECTIVITY | call_drops | 5G service | Not stated,"Check signal availability, retry from another location if possible, restart the device, and record the time and frequency of dropped calls for escalation if the issue continues.",1,resolved,sufficient,0.84,KB-003,knowledge_base,solved,verified_template,trusted,none,no,21/09/26,synthetic_controlled_generation,synthetic_support_ticket
TELCO-009543,SYN-TKT-009543,SYN-CUST-09543,development,My calls keep dropping since yesterday. The issue has continued despite basic checks. I need assistance resolving this issue. [synthetic case 009543],CONNECTIVITY,call_drops,5G service,medium,frustrated,en,free_text,agent_console,"{""product"": ""5G service"", ""time_reference"": ""since yesterday"", ""channel"": ""agent_console""}",Product=5G service; intent=call_drops; issue=Calls drop unexpectedly; channel=agent_console; interaction=free_text,Not stated,My calls keep dropping since yesterday. The issue has continued despite basic checks. I need assistance resolving this issue. [synthetic case 009543] | CONNECTIVITY | call_drops | 5G service | Not stated,"Check signal availability, retry from another location if possible, restart the device, and record the time and frequency of dropped calls for escalation if the issue continues.",1,resolved,sufficient,0.84,KB-003,knowledge_base,solved,verified_template,trusted,none,no,23/03/26,synthetic_controlled_generation,synthetic_support_ticket
TELCO-013203,SYN-TKT-013203,SYN-CUST-03203,development,My calls keep dropping intermittently. The issue has continued despite basic checks. I need assistance resolving this issue. [synthetic case 013203],CONNECTIVITY,call_drops,5G service,medium,frustrated,en,free_text,agent_console,"{""product"": ""5G service"", ""time_reference"": ""intermittently"", ""channel"": ""agent_console""}",Product=5G service; intent=call_drops; issue=Calls drop unexpectedly; channel=agent_console; interaction=free_text,Not stated,My calls keep dropping intermittently. The issue has continued despite basic checks. I need assistance resolving this issue. [synthetic case 013203] | CONNECTIVITY | call_drops | 5G service | Not stated,"Check signal availability, retry from another location if possible, restart the device, and record the time and frequency of dropped calls for escalation if the issue continues.",1,resolved,sufficient,0.84,KB-003,knowledge_base,solved,verified_template,trusted,none,no,15/03/26,synthetic_controlled_generation,synthetic_support_ticket
TELCO-058804,SYN-TKT-058804,SYN-CUST-08804,development,People cannot hear me clearly during calls after work. The issue started recently. Please tell me the approved next step. [synthetic case 058804],CONNECTIVITY,call_quality,voice service,medium,urgent,en,guided,voice_transcription,"{""product"": ""voice service"", ""time_reference"": ""after work"", ""channel"": ""voice_transcription""}",Product=voice service; intent=call_quality; issue=Call quality is poor; channel=voice_transcription; interaction=guided,Not stated,People cannot hear me clearly during calls after work. The issue started recently. Please tell me the approved next step. [synthetic case 058804] | CONNECTIVITY | call_quality | voice service | Not stated,"Check signal availability, retry the call, restart the device, and record whether the issue affects incoming, outgoing, or both call directions.",1,resolved,sufficient,0.84,KB-004,knowledge_base,solved,verified_template,trusted,none,no,04/04/26,synthetic_controlled_generation,synthetic_support_ticket
TELCO-046894,SYN-TKT-046894,SYN-CUST-06894,development,People cannot hear me clearly during calls for the last two days. The issue started recently. I have already checked the basic settings. [synthetic case 046894],CONNECTIVITY,call_quality,voice service,medium,neutral,en,guided,mobile_app,"{""product"": ""voice service"", ""time_reference"": ""for the last two days"", ""channel"": ""mobile_app""}",Product=voice service; intent=call_quality; issue=Call quality is poor; channel=mobile_app; interaction=guided,Not stated,People cannot hear me clearly during calls for the last two days. The issue started recently. I have already checked the basic settings. [synthetic case 046894] | CONNECTIVITY | call_quality | voice service | Not stated,"Check signal availability, retry the call, restart the device, and record whether the issue affects incoming, outgoing, or both call directions.",1,resolved,sufficient,0.84,KB-004,knowledge_base,solved,verified_template,trusted,none,no,22/10/26,synthetic_controlled_generation,synthetic_support_ticket
TELCO-020674,SYN-TKT-020674,SYN-CUST-00674,development,People cannot hear me clearly during calls for the past week. The issue started recently. I have already checked the basic settings. [synthetic case 020674],CONNECTIVITY,call_quality,voice service,medium,neutral,en,guided,mobile_app,"{""product"": ""voice service"", ""time_reference"": ""for the past week"", ""channel"": ""mobile_app""}",Product=voice service; intent=call_quality; issue=Call quality is poor; channel=mobile_app; interaction=guided,Not stated,People cannot hear me clearly during calls for the past week. The issue started recently. I have already checked the basic settings. [synthetic case 020674] | CONNECTIVITY | call_quality | voice service | Not stated,"Check signal availability, retry the call, restart the device, and record whether the issue affects incoming, outgoing, or both call directions.",1,resolved,sufficient,0.84,KB-004,knowledge_base,solved,verified_template,trusted,none,no,10/10/26,synthetic_controlled_generation,synthetic_support_ticket
TELCO-006274,SYN-TKT-006274,SYN-CUST-06274,development,People cannot hear me clearly during calls for the past week. The issue started recently. I have already checked the basic settings. [synthetic case 006274],CONNECTIVITY,call_quality,voice service,medium,neutral,en,guided,mobile_app,"{""product"": ""voice service"", ""time_reference"": ""for the past week"", ""channel"": ""mobile_app""}",Product=voice service; intent=call_quality; issue=Call quality is poor; channel=mobile_app; interaction=guided,Not stated,People cannot hear me clearly during calls for the past week. The issue started recently. I have already checked the basic settings. [synthetic case 006274] | CONNECTIVITY | call_quality | voice service | Not stated,"Check signal availability, retry the call, restart the device, and record whether the issue affects incoming, outgoing, or both call directions.",1,resolved,sufficient,0.84,KB-004,knowledge_base,solved,verified_template,trusted,none,no,02/10/26,synthetic_controlled_generation,synthetic_support_ticket
TELCO-005674,SYN-TKT-005674,SYN-CUST-05674,development,People cannot hear me clearly during calls for the past week. The issue started recently. I have already checked the basic settings. [synthetic case 005674],CONNECTIVITY,call_quality,voice service,medium,neutral,en,guided,mobile_app,"{""product"": ""voice service"", ""time_reference"": ""for the past week"", ""channel"": ""mobile_app""}",Product=voice service; intent=call_quality; issue=Call quality is poor; channel=mobile_app; interaction=guided,Not stated,People cannot hear me clearly during calls for the past week. The issue started recently. I have already checked the basic settings. [synthetic case 005674] | CONNECTIVITY | call_quality | voice service | Not stated,"Check signal availability, retry the call, restart the device, and record whether the issue affects incoming, outgoing, or both call directions.",1,resolved,sufficient,0.84,KB-004,knowledge_base,solved,verified_template,trusted,none,no,18/10/26,synthetic_controlled_generation,synthetic_support_ticket
TELCO-023344,SYN-TKT-023344,SYN-CUST-03344,development,People cannot hear me clearly during calls since this morning. The issue started recently. Please tell me the approved next step. [synthetic case 023344],CONNECTIVITY,call_quality,voice service,medium,urgent,en,guided,voice_transcription,"{""product"": ""voice service"", ""time_reference"": ""since this morning"", ""channel"": ""voice_transcription""}",Product=voice service; intent=call_quality; issue=Call quality is poor; channel=voice_transcription; interaction=guided,Not stated,People cannot hear me clearly during calls since this morning. The issue started recently. Please tell me the approved next step. [synthetic case 023344] | CONNECTIVITY | call_quality | voice service | Not stated,"Check signal availability, retry the call, restart the device, and record whether the issue affects incoming, outgoing, or both call directions.",1,resolved,sufficient,0.84,KB-004,knowledge_base,solved,verified_template,trusted,none,no,20/04/26,synthetic_controlled_generation,synthetic_support_ticket
TELCO-005944,SYN-TKT-005944,SYN-CUST-05944,development,People cannot hear me clearly during calls since this morning. The issue started recently. Please tell me the approved next step. [synthetic case 005944],CONNECTIVITY,call_quality,voice service,medium,urgent,en,guided,voice_transcription,"{""product"": ""voice service"", ""time_reference"": ""since this morning"", ""channel"": ""voice_transcription""}",Product=voice service; intent=call_quality; issue=Call quality is poor; channel=voice_transcription; interaction=guided,Not stated,People cannot hear me clearly during calls since this morning. The issue started recently. Please tell me the approved next step. [synthetic case 005944] | CONNECTIVITY | call_quality | voice service | Not stated,"Check signal availability, retry the call, restart the device, and record whether the issue affects incoming, outgoing, or both call directions.",1,resolved,sufficient,0.84,KB-004,knowledge_base,solved,verified_template,trusted,none,no,08/04/26,synthetic_controlled_generation,synthetic_support_ticket
TELCO-022054,SYN-TKT-022054,SYN-CUST-02054,development,People cannot hear me clearly during calls for the last two days. The issue started recently. I have already checked the basic settings. [synthetic case 022054],CONNECTIVITY,call_quality,voice service,medium,neutral,en,guided,mobile_app,"{""product"": ""voice service"", ""time_reference"": ""for the last two days"", ""channel"": ""mobile_app""}",Product=voice service; intent=call_quality; issue=Call quality is poor; channel=mobile_app; interaction=guided,Not stated,People cannot hear me clearly during calls for the last two days. The issue started recently. I have already checked the basic settings. [synthetic case 022054] | CONNECTIVITY | call_quality | voice service | Not stated,"Check signal availability, retry the call, restart the device, and record whether the issue affects incoming, outgoing, or both call directions.",1,resolved,sufficient,0.84,KB-004,knowledge_base,solved,verified_template,trusted,none,no,18/10/26,synthetic_controlled_generation,synthetic_support_ticket
TELCO-052054,SYN-TKT-052054,SYN-CUST-02054,development,People cannot hear me clearly during calls for the last two days. The issue started recently. I have already checked the basic settings. [synthetic case 052054],CONNECTIVITY,call_quality,voice service,medium,neutral,en,guided,mobile_app,"{""product"": ""voice service"", ""time_reference"": ""for the last two days"", ""channel"": ""mobile_app""}",Product=voice service; intent=call_quality; issue=Call quality is poor; channel=mobile_app; interaction=guided,Not stated,People cannot hear me clearly during calls for the last two days. The issue started recently. I have already checked the basic settings. [synthetic case 052054] | CONNECTIVITY | call_quality | voice service | Not stated,"Check signal availability, retry the call, restart the device, and record whether the issue affects incoming, outgoing, or both call directions.",1,resolved,sufficient,0.84,KB-004,knowledge_base,solved,verified_template,trusted,none,no,02/10/26,synthetic_controlled_generation,synthetic_support_ticket
TELCO-021124,SYN-TKT-021124,SYN-CUST-01124,development,People cannot hear me clearly during calls after work. The issue started recently. Please tell me the approved next step. [synthetic case 021124],CONNECTIVITY,call_quality,voice service,medium,urgent,en,guided,voice_transcription,"{""product"": ""voice service"", ""time_reference"": ""after work"", ""channel"": ""voice_transcription""}",Product=voice service; intent=call_quality; issue=Call quality is poor; channel=voice_transcription; interaction=guided,Not stated,People cannot hear me clearly during calls after work. The issue started recently. Please tell me the approved next step. [synthetic case 021124] | CONNECTIVITY | call_quality | voice service | Not stated,"Check signal availability, retry the call, restart the device, and record whether the issue affects incoming, outgoing, or both call directions.",1,resolved,sufficient,0.84,KB-004,knowledge_base,solved,verified_template,trusted,none,no,12/04/26,synthetic_controlled_generation,synthetic_support_ticket
TELCO-037081,SYN-TKT-037081,SYN-CUST-07081,development,My mobile data is not working today. I already restarted the phone. The issue happens repeatedly. I need help with this. [synthetic case 037081],CONNECTIVITY,mobile_data_not_working,mobile data,medium,negative,en,guided,web,"{""product"": ""mobile data"", ""time_reference"": ""today"", ""channel"": ""web""}",Product=mobile data; intent=mobile_data_not_working; issue=Mobile data is not working; channel=web; interaction=guided,Restart attempted,My mobile data is not working today. I already restarted the phone. The issue happens repeatedly. I need help with this. [synthetic case 037081] | CONNECTIVITY | mobile_data_not_working | mobile data | Restart attempted,"Verify that mobile data is enabled, confirm the device has network service, restart the device, and retry. If the issue remains, collect the device/network details and escalate.",1,candidate,insufficient,0.42,candidate_case_pending_review,candidate_case,not_collected,pending_human_review,candidate,emerging_candidate,no,09/01/26,synthetic_controlled_generation,synthetic_support_ticket
TELCO-016231,SYN-TKT-016231,SYN-CUST-06231,development,My mobile data is not working since yesterday. I already restarted the phone. The issue happens repeatedly. I need a clear troubleshooting path. [synthetic case 016231],CONNECTIVITY,mobile_data_not_working,mobile data,medium,frustrated,en,guided,agent_console,"{""product"": ""mobile data"", ""time_reference"": ""since yesterday"", ""channel"": ""agent_console""}",Product=mobile data; intent=mobile_data_not_working; issue=Mobile data is not working; channel=agent_console; interaction=guided,Restart attempted,My mobile data is not working since yesterday. I already restarted the phone. The issue happens repeatedly. I need a clear troubleshooting path. [synthetic case 016231] | CONNECTIVITY | mobile_data_not_working | mobile data | Restart attempted,"Verify that mobile data is enabled, confirm the device has network service, restart the device, and retry. If the issue remains, collect the device/network details and escalate.",1,candidate,insufficient,0.42,candidate_case_pending_review,candidate_case,not_collected,pending_human_review,candidate,none,no,19/07/26,synthetic_controlled_generation,synthetic_support_ticket
TELCO-049561,SYN-TKT-049561,SYN-CUST-09561,development,My mobile data is not working today. I already restarted the phone. The issue happens repeatedly. I need help with this. [synthetic case 049561],CONNECTIVITY,mobile_data_not_working,mobile data,medium,negative,en,guided,web,"{""product"": ""mobile data"", ""time_reference"": ""today"", ""channel"": ""web""}",Product=mobile data; intent=mobile_data_not_working; issue=Mobile data is not working; channel=web; interaction=guided,Restart attempted,My mobile data is not working today. I already restarted the phone. The issue happens repeatedly. I need help with this. [synthetic case 049561] | CONNECTIVITY | mobile_data_not_working | mobile data | Restart attempted,"Verify that mobile data is enabled, confirm the device has network service, restart the device, and retry. If the issue remains, collect the device/network details and escalate.",1,candidate,insufficient,0.42,candidate_case_pending_review,candidate_case,not_collected,pending_human_review,candidate,emerging_candidate,no,01/01/26,synthetic_controlled_generation,synthetic_support_ticket
TELCO-002641,SYN-TKT-002641,SYN-CUST-02641,development,My mobile data is not working today. I already restarted the phone. The issue happens repeatedly. I need help with this. [synthetic case 002641],CONNECTIVITY,mobile_data_not_working,mobile data,medium,negative,en,guided,web,"{""product"": ""mobile data"", ""time_reference"": ""today"", ""channel"": ""web""}",Product=mobile data; intent=mobile_data_not_working; issue=Mobile data is not working; channel=web; interaction=guided,Restart attempted,My mobile data is not working today. I already restarted the phone. The issue happens repeatedly. I need help with this. [synthetic case 002641] | CONNECTIVITY | mobile_data_not_working | mobile data | Restart attempted,"Verify that mobile data is enabled, confirm the device has network service, restart the device, and retry. If the issue remains, collect the device/network details and escalate.",1,candidate,insufficient,0.42,candidate_case_pending_review,candidate_case,not_collected,pending_human_review,candidate,emerging_candidate,no,09/01/26,synthetic_controlled_generation,synthetic_support_ticket
TELCO-044821,SYN-TKT-044821,SYN-CUST-04821,development,My mobile data is not working during the evening. I already restarted the phone. The issue happens repeatedly. I need help with this. [synthetic case 044821],CONNECTIVITY,mobile_data_not_working,mobile data,medium,negative,en,guided,web,"{""product"": ""mobile data"", ""time_reference"": ""during the evening"", ""channel"": ""web""}",Product=mobile data; intent=mobile_data_not_working; issue=Mobile data is not working; channel=web; interaction=guided,Restart attempted,My mobile data is not working during the evening. I already restarted the phone. The issue happens repeatedly. I need help with this. [synthetic case 044821] | CONNECTIVITY | mobile_data_not_working | mobile data | Restart attempted,"Verify that mobile data is enabled, confirm the device has network service, restart the device, and retry. If the issue remains, collect the device/network details and escalate.",1,candidate,insufficient,0.42,candidate_case_pending_review,candidate_case,not_collected,pending_human_review,candidate,emerging_candidate,no,21/01/26,synthetic_controlled_generation,synthetic_support_ticket
TELCO-028201,SYN-TKT-028201,SYN-CUST-08201,development,My mobile data is not working today. I already restarted the phone. The issue happens repeatedly. I need help with this. [synthetic case 028201],CONNECTIVITY,mobile_data_not_working,mobile data,medium,negative,en,guided,web,"{""product"": ""mobile data"", ""time_reference"": ""today"", ""channel"": ""web""}",Product=mobile data; intent=mobile_data_not_working; issue=Mobile data is not working; channel=web; interaction=guided,Restart attempted,My mobile data is not working today. I already restarted the phone. The issue happens repeatedly. I need help with this. [synthetic case 028201] | CONNECTIVITY | mobile_data_not_working | mobile data | Restart attempted,"Verify that mobile data is enabled, confirm the device has network service, restart the device, and retry. If the issue remains, collect the device/network details and escalate.",1,candidate,insufficient,0.42,candidate_case_pending_review,candidate_case,not_collected,pending_human_review,candidate,emerging_candidate,no,05/01/26,synthetic_controlled_generation,synthetic_support_ticket
TELCO-032941,SYN-TKT-032941,SYN-CUST-02941,development,My mobile data is not working during the evening. I already restarted the phone. The issue happens repeatedly. I need help with this. [synthetic case 032941],CONNECTIVITY,mobile_data_not_working,mobile data,medium,negative,en,guided,web,"{""product"": ""mobile data"", ""time_reference"": ""during the evening"", ""channel"": ""web""}",Product=mobile data; intent=mobile_data_not_working; issue=Mobile data is not working; channel=web; interaction=guided,Restart attempted,My mobile data is not working during the evening. I already restarted the phone. The issue happens repeatedly. I need help with this. [synthetic case 032941] | CONNECTIVITY | mobile_data_not_working | mobile data | Restart attempted,"Verify that mobile data is enabled, confirm the device has network service, restart the device, and retry. If the issue remains, collect the device/network details and escalate.",1,candidate,insufficient,0.42,candidate_case_pending_review,candidate_case,not_collected,pending_human_review,candidate,emerging_candidate,no,13/01/26,synthetic_controlled_generation,synthetic_support_ticket
TELCO-007651,SYN-TKT-007651,SYN-CUST-07651,development,My mobile data is not working intermittently. I already restarted the phone. The issue happens repeatedly. I need a clear troubleshooting path. [synthetic case 007651],CONNECTIVITY,mobile_data_not_working,mobile data,medium,frustrated,en,guided,agent_console,"{""product"": ""mobile data"", ""time_reference"": ""intermittently"", ""channel"": ""agent_console""}",Product=mobile data; intent=mobile_data_not_working; issue=Mobile data is not working; channel=agent_console; interaction=guided,Restart attempted,My mobile data is not working intermittently. I already restarted the phone. The issue happens repeatedly. I need a clear troubleshooting path. [synthetic case 007651] | CONNECTIVITY | mobile_data_not_working | mobile data | Restart attempted,"Verify that mobile data is enabled, confirm the device has network service, restart the device, and retry. If the issue remains, collect the device/network details and escalate.",1,candidate,insufficient,0.42,candidate_case_pending_review,candidate_case,not_collected,pending_human_review,candidate,none,no,07/07/26,synthetic_controlled_generation,synthetic_support_ticket
TELCO-059761,SYN-TKT-059761,SYN-CUST-09761,development,My mobile data is not working today. I already restarted the phone. The issue happens repeatedly. I need help with this. [synthetic case 059761],CONNECTIVITY,mobile_data_not_working,mobile data,medium,negative,en,guided,web,"{""product"": ""mobile data"", ""time_reference"": ""today"", ""channel"": ""web""}",Product=mobile data; intent=mobile_data_not_working; issue=Mobile data is not working; channel=web; interaction=guided,Restart attempted,My mobile data is not working today. I already restarted the phone. The issue happens repeatedly. I need help with this. [synthetic case 059761] | CONNECTIVITY | mobile_data_not_working | mobile data | Restart attempted,"Verify that mobile data is enabled, confirm the device has network service, restart the device, and retry. If the issue remains, collect the device/network details and escalate.",1,candidate,insufficient,0.42,candidate_case_pending_review,candidate_case,not_collected,pending_human_review,candidate,emerging_candidate,no,09/01/26,synthetic_controlled_generation,synthetic_support_ticket
TELCO-056641,SYN-TKT-056641,SYN-CUST-06641,development,My mobile data is not working today. I already restarted the phone. The issue happens repeatedly. I need help with this. [synthetic case 056641],CONNECTIVITY,mobile_data_not_working,mobile data,medium,negative,en,guided,web,"{""product"": ""mobile data"", ""time_reference"": ""today"", ""channel"": ""web""}",Product=mobile data; intent=mobile_data_not_working; issue=Mobile data is not working; channel=web; interaction=guided,Restart attempted,My mobile data is not working today. I already restarted the phone. The issue happens repeatedly. I need help with this. [synthetic case 056641] | CONNECTIVITY | mobile_data_not_working | mobile data | Restart attempted,"Verify that mobile data is enabled, confirm the device has network service, restart the device, and retry. If the issue remains, collect the device/network details and escalate.",1,candidate,insufficient,0.42,candidate_case_pending_review,candidate_case,not_collected,pending_human_review,candidate,emerging_candidate,no,25/01/26,synthetic_controlled_generation,synthetic_support_ticket
TELCO-023252,SYN-TKT-023252,SYN-CUST-03252,development,My mobile data is very slow after work. Pages and apps take a long time to load. The issue affects normal service use. Please help me identify what to do next. [synthetic case 023252],CONNECTIVITY,mobile_data_slow,mobile network,medium,urgent,en,voice,voice_transcription,"{""product"": ""mobile network"", ""time_reference"": ""after work"", ""channel"": ""voice_transcription""}",Product=mobile network; intent=mobile_data_slow; issue=Mobile data is slow; channel=voice_transcription; interaction=voice,Not stated,My mobile data is very slow after work. Pages and apps take a long time to load. The issue affects normal service use. Please help me identify what to do next. [synthetic case 023252] | CONNECTIVITY | mobile_data_slow | mobile network | Not stated,"Check signal availability and whether the issue occurs consistently, restart the device, retry the connection, and collect time/location details if the slowdown continues.",1,resolved,sufficient,0.84,KB-002,knowledge_base,solved,verified_template,trusted,none,no,12/08/26,synthetic_controlled_generation,synthetic_support_ticket
TELCO-004832,SYN-TKT-004832,SYN-CUST-04832,development,My mobile data is very slow since this morning. Pages and apps take a long time to load. The issue affects normal service use. Please help me identify what to do next. [synthetic case 004832],CONNECTIVITY,mobile_data_slow,mobile network,medium,urgent,en,voice,voice_transcription,"{""product"": ""mobile network"", ""time_reference"": ""since this morning"", ""channel"": ""voice_transcription""}",Product=mobile network; intent=mobile_data_slow; issue=Mobile data is slow; channel=voice_transcription; interaction=voice,Not stated,My mobile data is very slow since this morning. Pages and apps take a long time to load. The issue affects normal service use. Please help me identify what to do next. [synthetic case 004832] | CONNECTIVITY | mobile_data_slow | mobile network | Not stated,"Check signal availability and whether the issue occurs consistently, restart the device, retry the connection, and collect time/location details if the slowdown continues.",1,resolved,sufficient,0.84,KB-002,knowledge_base,solved,verified_template,trusted,none,no,16/08/26,synthetic_controlled_generation,synthetic_support_ticket
TELCO-033902,SYN-TKT-033902,SYN-CUST-03902,development,My mobile data is very slow for the last two days. Pages and apps take a long time to load. The issue affects normal service use. Can you help me with the troubleshooting process? [synthetic case 033902],CONNECTIVITY,mobile_data_slow,mobile network,medium,neutral,en,voice,mobile_app,"{""product"": ""mobile network"", ""time_reference"": ""for the last two days"", ""channel"": ""mobile_app""}",Product=mobile network; intent=mobile_data_slow; issue=Mobile data is slow; channel=mobile_app; interaction=voice,Not stated,My mobile data is very slow for the last two days. Pages and apps take a long time to load. The issue affects normal service use. Can you help me with the troubleshooting process? [synthetic case 033902] | CONNECTIVITY | mobile_data_slow | mobile network | Not stated,"Check signal availability and whether the issue occurs consistently, restart the device, retry the connection, and collect time/location details if the slowdown continues.",1,resolved,sufficient,0.84,KB-002,knowledge_base,solved,verified_template,trusted,none,no,22/02/26,synthetic_controlled_generation,synthetic_support_ticket
TELCO-018002,SYN-TKT-018002,SYN-CUST-08002,development,My mobile data is very slow for the past week. Pages and apps take a long time to load. The issue affects normal service use. Can you help me with the troubleshooting process? [synthetic case 018002],CONNECTIVITY,mobile_data_slow,mobile network,medium,neutral,en,voice,mobile_app,"{""product"": ""mobile network"", ""time_reference"": ""for the past week"", ""channel"": ""mobile_app""}",Product=mobile network; intent=mobile_data_slow; issue=Mobile data is slow; channel=mobile_app; interaction=voice,Not stated,My mobile data is very slow for the past week. Pages and apps take a long time to load. The issue affects normal service use. Can you help me with the troubleshooting process? [synthetic case 018002] | CONNECTIVITY | mobile_data_slow | mobile network | Not stated,"Check signal availability and whether the issue occurs consistently, restart the device, retry the connection, and collect time/location details if the slowdown continues.",1,resolved,sufficient,0.84,KB-002,knowledge_base,solved,verified_template,trusted,none,no,26/02/26,synthetic_controlled_generation,synthetic_support_ticket
TELCO-050942,SYN-TKT-050942,SYN-CUST-00942,development,My mobile data is very slow for the last two days. Pages and apps take a long time to load. The issue affects normal service use. Can you help me with the troubleshooting process? [synthetic case 050942],CONNECTIVITY,mobile_data_slow,mobile network,medium,neutral,en,voice,mobile_app,"{""product"": ""mobile network"", ""time_reference"": ""for the last two days"", ""channel"": ""mobile_app""}",Product=mobile network; intent=mobile_data_slow; issue=Mobile data is slow; channel=mobile_app; interaction=voice,Not stated,My mobile data is very slow for the last two days. Pages and apps take a long time to load. The issue affects normal service use. Can you help me with the troubleshooting process? [synthetic case 050942] | CONNECTIVITY | mobile_data_slow | mobile network | Not stated,"Check signal availability and whether the issue occurs consistently, restart the device, retry the connection, and collect time/location details if the slowdown continues.",1,resolved,sufficient,0.84,KB-002,knowledge_base,solved,verified_template,trusted,none,no,10/02/26,synthetic_controlled_generation,synthetic_support_ticket
TELCO-038612,SYN-TKT-038612,SYN-CUST-08612,development,My mobile data is very slow after work. Pages and apps take a long time to load. The issue affects normal service use. Please help me identify what to do next. [synthetic case 038612],CONNECTIVITY,mobile_data_slow,mobile network,medium,urgent,en,voice,voice_transcription,"{""product"": ""mobile network"", ""time_reference"": ""after work"", ""channel"": ""voice_transcription""}",Product=mobile network; intent=mobile_data_slow; issue=Mobile data is slow; channel=voice_transcription; interaction=voice,Not stated,My mobile data is very slow after work. Pages and apps take a long time to load. The issue affects normal service use. Please help me identify what to do next. [synthetic case 038612] | CONNECTIVITY | mobile_data_slow | mobile network | Not stated,"Check signal availability and whether the issue occurs consistently, restart the device, retry the connection, and collect time/location details if the slowdown continues.",1,resolved,sufficient,0.84,KB-002,knowledge_base,solved,verified_template,trusted,none,no,28/08/26,synthetic_controlled_generation,synthetic_support_ticket
TELCO-037982,SYN-TKT-037982,SYN-CUST-07982,development,My mobile data is very slow for the last two days. Pages and apps take a long time to load. The issue affects normal service use. Can you help me with the troubleshooting process? [synthetic case 037982],CONNECTIVITY,mobile_data_slow,mobile network,medium,neutral,en,voice,mobile_app,"{""product"": ""mobile network"", ""time_reference"": ""for the last two days"", ""channel"": ""mobile_app""}",Product=mobile network; intent=mobile_data_slow; issue=Mobile data is slow; channel=mobile_app; interaction=voice,Not stated,My mobile data is very slow for the last two days. Pages and apps take a long time to load. The issue affects normal service use. Can you help me with the troubleshooting process? [synthetic case 037982] | CONNECTIVITY | mobile_data_slow | mobile network | Not stated,"Check signal availability and whether the issue occurs consistently, restart the device, retry the connection, and collect time/location details if the slowdown continues.",1,resolved,sufficient,0.84,KB-002,knowledge_base,solved,verified_template,trusted,none,no,14/02/26,synthetic_controlled_generation,synthetic_support_ticket
TELCO-054392,SYN-TKT-054392,SYN-CUST-04392,development,My mobile data is very slow since this morning. Pages and apps take a long time to load. The issue affects normal service use. Please help me identify what to do next. [synthetic case 054392],CONNECTIVITY,mobile_data_slow,mobile network,medium,urgent,en,voice,voice_transcription,"{""product"": ""mobile network"", ""time_reference"": ""since this morning"", ""channel"": ""voice_transcription""}",Product=mobile network; intent=mobile_data_slow; issue=Mobile data is slow; channel=voice_transcription; interaction=voice,Not stated,My mobile data is very slow since this morning. Pages and apps take a long time to load. The issue affects normal service use. Please help me identify what to do next. [synthetic case 054392] | CONNECTIVITY | mobile_data_slow | mobile network | Not stated,"Check signal availability and whether the issue occurs consistently, restart the device, retry the connection, and collect time/location details if the slowdown continues.",1,resolved,sufficient,0.84,KB-002,knowledge_base,solved,verified_template,trusted,none,no,16/08/26,synthetic_controlled_generation,synthetic_support_ticket
TELCO-052922,SYN-TKT-052922,SYN-CUST-02922,development,My mobile data is very slow for the past week. Pages and apps take a long time to load. The issue affects normal service use. Can you help me with the troubleshooting process? [synthetic case 052922],CONNECTIVITY,mobile_data_slow,mobile network,medium,neutral,en,voice,mobile_app,"{""product"": ""mobile network"", ""time_reference"": ""for the past week"", ""channel"": ""mobile_app""}",Product=mobile network; intent=mobile_data_slow; issue=Mobile data is slow; channel=mobile_app; interaction=voice,Not stated,My mobile data is very slow for the past week. Pages and apps take a long time to load. The issue affects normal service use. Can you help me with the troubleshooting process? [synthetic case 052922] | CONNECTIVITY | mobile_data_slow | mobile network | Not stated,"Check signal availability and whether the issue occurs consistently, restart the device, retry the connection, and collect time/location details if the slowdown continues.",1,resolved,sufficient,0.84,KB-002,knowledge_base,solved,verified_template,trusted,none,no,02/02/26,synthetic_controlled_generation,synthetic_support_ticket
TELCO-022202,SYN-TKT-022202,SYN-CUST-02202,development,My mobile data is very slow for the past week. Pages and apps take a long time to load. The issue affects normal service use. Can you help me with the troubleshooting process? [synthetic case 022202],CONNECTIVITY,mobile_data_slow,mobile network,medium,neutral,en,voice,mobile_app,"{""product"": ""mobile network"", ""time_reference"": ""for the past week"", ""channel"": ""mobile_app""}",Product=mobile network; intent=mobile_data_slow; issue=Mobile data is slow; channel=mobile_app; interaction=voice,Not stated,My mobile data is very slow for the past week. Pages and apps take a long time to load. The issue affects normal service use. Can you help me with the troubleshooting process? [synthetic case 022202] | CONNECTIVITY | mobile_data_slow | mobile network | Not stated,"Check signal availability and whether the issue occurs consistently, restart the device, retry the connection, and collect time/location details if the slowdown continues.",1,resolved,sufficient,0.84,KB-002,knowledge_base,solved,verified_template,trusted,none,no,26/02/26,synthetic_controlled_generation,synthetic_support_ticket
TELCO-035474,SYN-TKT-035474,SYN-CUST-05474,development,I want to check the status of my new broadband connection. The issue started recently. Can you help me with the troubleshooting process? [synthetic case 035474],INSTALLATION,new_connection_status,router,medium,neutral,en,voice,mobile_app,"{""product"": ""router"", ""time_reference"": ""for the past week"", ""channel"": ""mobile_app""}",Product=router; intent=new_connection_status; issue=New connection installation/status; channel=mobile_app; interaction=voice,Not stated,I want to check the status of my new broadband connection. The issue started recently. Can you help me with the troubleshooting process? [synthetic case 035474] | INSTALLATION | new_connection_status | router | Not stated,"Verify the request reference and installation status through the approved support process; if status cannot be confirmed, route the request for agent follow-up.",1,resolved,sufficient,0.84,KB-014,knowledge_base,solved,verified_template,trusted,none,no,26/02/26,synthetic_controlled_generation,synthetic_support_ticket
TELCO-011804,SYN-TKT-011804,SYN-CUST-01804,development,I want to check the status of my new broadband connection. The issue started recently. Please help me identify what to do next. [synthetic case 011804],INSTALLATION,new_connection_status,router,medium,urgent,en,voice,voice_transcription,"{""product"": ""router"", ""time_reference"": ""after work"", ""channel"": ""voice_transcription""}",Product=router; intent=new_connection_status; issue=New connection installation/status; channel=voice_transcription; interaction=voice,Not stated,I want to check the status of my new broadband connection. The issue started recently. Please help me identify what to do next. [synthetic case 011804] | INSTALLATION | new_connection_status | router | Not stated,"Verify the request reference and installation status through the approved support process; if status cannot be confirmed, route the request for agent follow-up.",1,resolved,sufficient,0.84,KB-014,knowledge_base,solved,verified_template,trusted,none,no,16/08/26,synthetic_controlled_generation,synthetic_support_ticket
TELCO-043274,SYN-TKT-043274,SYN-CUST-03274,development,I want to check the status of my new broadband connection. The issue started recently. Can you help me with the troubleshooting process? [synthetic case 043274],INSTALLATION,new_connection_status,router,medium,neutral,en,voice,mobile_app,"{""product"": ""router"", ""time_reference"": ""for the past week"", ""channel"": ""mobile_app""}",Product=router; intent=new_connection_status; issue=New connection installation/status; channel=mobile_app; interaction=voice,Not stated,I want to check the status of my new broadband connection. The issue started recently. Can you help me with the troubleshooting process? [synthetic case 043274] | INSTALLATION | new_connection_status | router | Not stated,"Verify the request reference and installation status through the approved support process; if status cannot be confirmed, route the request for agent follow-up.",1,resolved,sufficient,0.84,KB-014,knowledge_base,solved,verified_template,trusted,none,no,14/02/26,synthetic_controlled_generation,synthetic_support_ticket
TELCO-004274,SYN-TKT-004274,SYN-CUST-04274,development,I want to check the status of my new broadband connection. The issue started recently. Can you help me with the troubleshooting process? [synthetic case 004274],INSTALLATION,new_connection_status,router,medium,neutral,en,voice,mobile_app,"{""product"": ""router"", ""time_reference"": ""for the past week"", ""channel"": ""mobile_app""}",Product=router; intent=new_connection_status; issue=New connection installation/status; channel=mobile_app; interaction=voice,Not stated,I want to check the status of my new broadband connection. The issue started recently. Can you help me with the troubleshooting process? [synthetic case 004274] | INSTALLATION | new_connection_status | router | Not stated,"Verify the request reference and installation status through the approved support process; if status cannot be confirmed, route the request for agent follow-up.",1,resolved,sufficient,0.84,KB-014,knowledge_base,solved,verified_template,trusted,none,no,18/02/26,synthetic_controlled_generation,synthetic_support_ticket
TELCO-002804,SYN-TKT-002804,SYN-CUST-02804,development,I want to check the status of my new broadband connection. The issue started recently. Please help me identify what to do next. [synthetic case 002804],INSTALLATION,new_connection_status,router,medium,urgent,en,voice,voice_transcription,"{""product"": ""router"", ""time_reference"": ""after work"", ""channel"": ""voice_transcription""}",Product=router; intent=new_connection_status; issue=New connection installation/status; channel=voice_transcription; interaction=voice,Not stated,I want to check the status of my new broadband connection. The issue started recently. Please help me identify what to do next. [synthetic case 002804] | INSTALLATION | new_connection_status | router | Not stated,"Verify the request reference and installation status through the approved support process; if status cannot be confirmed, route the request for agent follow-up.",1,resolved,sufficient,0.84,KB-014,knowledge_base,solved,verified_template,trusted,none,no,04/08/26,synthetic_controlled_generation,synthetic_support_ticket
TELCO-040634,SYN-TKT-040634,SYN-CUST-00634,development,I want to check the status of my new broadband connection. The issue started recently. Can you help me with the troubleshooting process? [synthetic case 040634],INSTALLATION,new_connection_status,router,medium,neutral,en,voice,mobile_app,"{""product"": ""router"", ""time_reference"": ""for the past week"", ""channel"": ""mobile_app""}",Product=router; intent=new_connection_status; issue=New connection installation/status; channel=mobile_app; interaction=voice,Not stated,I want to check the status of my new broadband connection. The issue started recently. Can you help me with the troubleshooting process? [synthetic case 040634] | INSTALLATION | new_connection_status | router | Not stated,"Verify the request reference and installation status through the approved support process; if status cannot be confirmed, route the request for agent follow-up.",1,resolved,sufficient,0.84,KB-014,knowledge_base,solved,verified_template,trusted,none,no,06/02/26,synthetic_controlled_generation,synthetic_support_ticket
TELCO-013994,SYN-TKT-013994,SYN-CUST-03994,development,I want to check the status of my new broadband connection. The issue started recently. Can you help me with the troubleshooting process? [synthetic case 013994],INSTALLATION,new_connection_status,router,medium,neutral,en,voice,mobile_app,"{""product"": ""router"", ""time_reference"": ""for the past week"", ""channel"": ""mobile_app""}",Product=router; intent=new_connection_status; issue=New connection installation/status; channel=mobile_app; interaction=voice,Not stated,I want to check the status of my new broadband connection. The issue started recently. Can you help me with the troubleshooting process? [synthetic case 013994] | INSTALLATION | new_connection_status | router | Not stated,"Verify the request reference and installation status through the approved support process; if status cannot be confirmed, route the request for agent follow-up.",1,resolved,sufficient,0.84,KB-014,knowledge_base,solved,verified_template,trusted,none,no,22/02/26,synthetic_controlled_generation,synthetic_support_ticket
TELCO-047504,SYN-TKT-047504,SYN-CUST-07504,development,I want to check the status of my new broadband connection. The issue started recently. Please help me identify what to do next. [synthetic case 047504],INSTALLATION,new_connection_status,router,medium,urgent,en,voice,voice_transcription,"{""product"": ""router"", ""time_reference"": ""since this morning"", ""channel"": ""voice_transcription""}",Product=router; intent=new_connection_status; issue=New connection installation/status; channel=voice_transcription; interaction=voice,Not stated,I want to check the status of my new broadband connection. The issue started recently. Please help me identify what to do next. [synthetic case 047504] | INSTALLATION | new_connection_status | router | Not stated,"Verify the request reference and installation status through the approved support process; if status cannot be confirmed, route the request for agent follow-up.",1,resolved,sufficient,0.84,KB-014,knowledge_base,solved,verified_template,trusted,none,no,16/08/26,synthetic_controlled_generation,synthetic_support_ticket
TELCO-017774,SYN-TKT-017774,SYN-CUST-07774,development,I want to check the status of my new broadband connection. The issue started recently. Can you help me with the troubleshooting process? [synthetic case 017774],INSTALLATION,new_connection_status,router,medium,neutral,en,voice,mobile_app,"{""product"": ""router"", ""time_reference"": ""for the last two days"", ""channel"": ""mobile_app""}",Product=router; intent=new_connection_status; issue=New connection installation/status; channel=mobile_app; interaction=voice,Not stated,I want to check the status of my new broadband connection. The issue started recently. Can you help me with the troubleshooting process? [synthetic case 017774] | INSTALLATION | new_connection_status | router | Not stated,"Verify the request reference and installation status through the approved support process; if status cannot be confirmed, route the request for agent follow-up.",1,resolved,sufficient,0.84,KB-014,knowledge_base,solved,verified_template,trusted,none,no,22/02/26,synthetic_controlled_generation,synthetic_support_ticket
TELCO-004904,SYN-TKT-004904,SYN-CUST-04904,development,I want to check the status of my new broadband connection. The issue started recently. Please help me identify what to do next. [synthetic case 004904],INSTALLATION,new_connection_status,router,medium,urgent,en,voice,voice_transcription,"{""product"": ""router"", ""time_reference"": ""since this morning"", ""channel"": ""voice_transcription""}",Product=router; intent=new_connection_status; issue=New connection installation/status; channel=voice_transcription; interaction=voice,Not stated,I want to check the status of my new broadband connection. The issue started recently. Please help me identify what to do next. [synthetic case 004904] | INSTALLATION | new_connection_status | router | Not stated,"Verify the request reference and installation status through the approved support process; if status cannot be confirmed, route the request for agent follow-up.",1,resolved,sufficient,0.84,KB-014,knowledge_base,solved,verified_template,trusted,none,no,04/08/26,synthetic_controlled_generation,synthetic_support_ticket
TELCO-052535,SYN-TKT-052535,SYN-CUST-02535,development,My phone shows no network signal since yesterday. The issue is intermittent. This is affecting my normal usage. [synthetic case 052535],CONNECTIVITY,no_signal,SMS service,high,frustrated,en,voice,agent_console,"{""product"": ""SMS service"", ""time_reference"": ""since yesterday"", ""channel"": ""agent_console""}",Product=SMS service; intent=no_signal; issue=No mobile network signal; channel=agent_console; interaction=voice,Not stated,My phone shows no network signal since yesterday. The issue is intermittent. This is affecting my normal usage. [synthetic case 052535] | CONNECTIVITY | no_signal | SMS service | Not stated,"Restart the device, confirm the SIM is seated correctly, check whether network service returns, and escalate with location and device details if no signal persists.",1,resolved,sufficient,0.84,KB-005,knowledge_base,solved,verified_template,trusted,none,no,07/11/26,synthetic_controlled_generation,synthetic_support_ticket
TELCO-014285,SYN-TKT-014285,SYN-CUST-04285,development,My phone shows no network signal during the evening. The issue is intermittent. I would like support with this problem. [synthetic case 014285],CONNECTIVITY,no_signal,SMS service,high,negative,en,voice,web,"{""product"": ""SMS service"", ""time_reference"": ""during the evening"", ""channel"": ""web""}",Product=SMS service; intent=no_signal; issue=No mobile network signal; channel=web; interaction=voice,Not stated,My phone shows no network signal during the evening. The issue is intermittent. I would like support with this problem. [synthetic case 014285] | CONNECTIVITY | no_signal | SMS service | Not stated,"Restart the device, confirm the SIM is seated correctly, check whether network service returns, and escalate with location and device details if no signal persists.",1,resolved,sufficient,0.84,KB-005,knowledge_base,solved,verified_template,trusted,none,no,05/05/26,synthetic_controlled_generation,synthetic_support_ticket
TELCO-053225,SYN-TKT-053225,SYN-CUST-03225,development,My phone shows no network signal today. The issue is intermittent. I would like support with this problem. [synthetic case 053225],CONNECTIVITY,no_signal,SMS service,high,negative,en,voice,web,"{""product"": ""SMS service"", ""time_reference"": ""today"", ""channel"": ""web""}",Product=SMS service; intent=no_signal; issue=No mobile network signal; channel=web; interaction=voice,Not stated,My phone shows no network signal today. The issue is intermittent. I would like support with this problem. [synthetic case 053225] | CONNECTIVITY | no_signal | SMS service | Not stated,"Restart the device, confirm the SIM is seated correctly, check whether network service returns, and escalate with location and device details if no signal persists.",1,resolved,sufficient,0.84,KB-005,knowledge_base,solved,verified_template,trusted,none,no,25/05/26,synthetic_controlled_generation,synthetic_support_ticket
TELCO-006185,SYN-TKT-006185,SYN-CUST-06185,development,My phone shows no network signal today. The issue is intermittent. I would like support with this problem. [synthetic case 006185],CONNECTIVITY,no_signal,SMS service,high,negative,en,voice,web,"{""product"": ""SMS service"", ""time_reference"": ""today"", ""channel"": ""web""}",Product=SMS service; intent=no_signal; issue=No mobile network signal; channel=web; interaction=voice,Not stated,My phone shows no network signal today. The issue is intermittent. I would like support with this problem. [synthetic case 006185] | CONNECTIVITY | no_signal | SMS service | Not stated,"Restart the device, confirm the SIM is seated correctly, check whether network service returns, and escalate with location and device details if no signal persists.",1,resolved,sufficient,0.84,KB-005,knowledge_base,solved,verified_template,trusted,none,no,25/05/26,synthetic_controlled_generation,synthetic_support_ticket
TELCO-023345,SYN-TKT-023345,SYN-CUST-03345,development,My phone shows no network signal today. The issue is intermittent. I would like support with this problem. [synthetic case 023345],CONNECTIVITY,no_signal,SMS service,high,negative,en,voice,web,"{""product"": ""SMS service"", ""time_reference"": ""today"", ""channel"": ""web""}",Product=SMS service; intent=no_signal; issue=No mobile network signal; channel=web; interaction=voice,Not stated,My phone shows no network signal today. The issue is intermittent. I would like support with this problem. [synthetic case 023345] | CONNECTIVITY | no_signal | SMS service | Not stated,"Restart the device, confirm the SIM is seated correctly, check whether network service returns, and escalate with location and device details if no signal persists.",1,resolved,sufficient,0.84,KB-005,knowledge_base,solved,verified_template,trusted,none,no,21/05/26,synthetic_controlled_generation,synthetic_support_ticket
TELCO-017075,SYN-TKT-017075,SYN-CUST-07075,development,My phone shows no network signal intermittently. The issue is intermittent. This is affecting my normal usage. [synthetic case 017075],CONNECTIVITY,no_signal,SMS service,high,frustrated,en,voice,agent_console,"{""product"": ""SMS service"", ""time_reference"": ""intermittently"", ""channel"": ""agent_console""}",Product=SMS service; intent=no_signal; issue=No mobile network signal; channel=agent_console; interaction=voice,Not stated,My phone shows no network signal intermittently. The issue is intermittent. This is affecting my normal usage. [synthetic case 017075] | CONNECTIVITY | no_signal | SMS service | Not stated,"Restart the device, confirm the SIM is seated correctly, check whether network service returns, and escalate with location and device details if no signal persists.",1,resolved,sufficient,0.84,KB-005,knowledge_base,solved,verified_template,trusted,none,no,23/11/26,synthetic_controlled_generation,synthetic_support_ticket
TELCO-027845,SYN-TKT-027845,SYN-CUST-07845,development,My phone shows no network signal during the evening. The issue is intermittent. I would like support with this problem. [synthetic case 027845],CONNECTIVITY,no_signal,SMS service,high,negative,en,voice,web,"{""product"": ""SMS service"", ""time_reference"": ""during the evening"", ""channel"": ""web""}",Product=SMS service; intent=no_signal; issue=No mobile network signal; channel=web; interaction=voice,Not stated,My phone shows no network signal during the evening. The issue is intermittent. I would like support with this problem. [synthetic case 027845] | CONNECTIVITY | no_signal | SMS service | Not stated,"Restart the device, confirm the SIM is seated correctly, check whether network service returns, and escalate with location and device details if no signal persists.",1,resolved,sufficient,0.84,KB-005,knowledge_base,solved,verified_template,trusted,none,no,13/05/26,synthetic_controlled_generation,synthetic_support_ticket
TELCO-039035,SYN-TKT-039035,SYN-CUST-09035,development,My phone shows no network signal intermittently. The issue is intermittent. This is affecting my normal usage. [synthetic case 039035],CONNECTIVITY,no_signal,SMS service,high,frustrated,en,voice,agent_console,"{""product"": ""SMS service"", ""time_reference"": ""intermittently"", ""channel"": ""agent_console""}",Product=SMS service; intent=no_signal; issue=No mobile network signal; channel=agent_console; interaction=voice,Not stated,My phone shows no network signal intermittently. The issue is intermittent. This is affecting my normal usage. [synthetic case 039035] | CONNECTIVITY | no_signal | SMS service | Not stated,"Restart the device, confirm the SIM is seated correctly, check whether network service returns, and escalate with location and device details if no signal persists.",1,resolved,sufficient,0.84,KB-005,knowledge_base,solved,verified_template,trusted,none,no,03/11/26,synthetic_controlled_generation,synthetic_support_ticket
TELCO-051245,SYN-TKT-051245,SYN-CUST-01245,development,My phone shows no network signal during the evening. The issue is intermittent. I would like support with this problem. [synthetic case 051245],CONNECTIVITY,no_signal,SMS service,high,negative,en,voice,web,"{""product"": ""SMS service"", ""time_reference"": ""during the evening"", ""channel"": ""web""}",Product=SMS service; intent=no_signal; issue=No mobile network signal; channel=web; interaction=voice,Not stated,My phone shows no network signal during the evening. The issue is intermittent. I would like support with this problem. [synthetic case 051245] | CONNECTIVITY | no_signal | SMS service | Not stated,"Restart the device, confirm the SIM is seated correctly, check whether network service returns, and escalate with location and device details if no signal persists.",1,resolved,sufficient,0.84,KB-005,knowledge_base,solved,verified_template,trusted,none,no,05/05/26,synthetic_controlled_generation,synthetic_support_ticket
TELCO-022415,SYN-TKT-022415,SYN-CUST-02415,development,My phone shows no network signal since yesterday. The issue is intermittent. This is affecting my normal usage. [synthetic case 022415],CONNECTIVITY,no_signal,SMS service,high,frustrated,en,voice,agent_console,"{""product"": ""SMS service"", ""time_reference"": ""since yesterday"", ""channel"": ""agent_console""}",Product=SMS service; intent=no_signal; issue=No mobile network signal; channel=agent_console; interaction=voice,Not stated,My phone shows no network signal since yesterday. The issue is intermittent. This is affecting my normal usage. [synthetic case 022415] | CONNECTIVITY | no_signal | SMS service | Not stated,"Restart the device, confirm the SIM is seated correctly, check whether network service returns, and escalate with location and device details if no signal persists.",1,resolved,sufficient,0.84,KB-005,knowledge_base,solved,verified_template,trusted,none,no,15/11/26,synthetic_controlled_generation,synthetic_support_ticket
TELCO-010007,SYN-TKT-010007,SYN-CUST-00007,development,I need to reset my account password. The issue affects normal service use. This is affecting my normal usage. [synthetic case 010007],ACCOUNT,password_reset,online account,medium,frustrated,en,voice,agent_console,"{""product"": ""online account"", ""time_reference"": ""since yesterday"", ""channel"": ""agent_console""}",Product=online account; intent=password_reset; issue=Password reset issue; channel=agent_console; interaction=voice,Not stated,I need to reset my account password. The issue affects normal service use. This is affecting my normal usage. [synthetic case 010007] | ACCOUNT | password_reset | online account | Not stated,"Use the approved password-reset flow, complete the verification step, and escalate through account support if recovery cannot be completed.",1,resolved,sufficient,0.84,KB-017,knowledge_base,solved,verified_template,trusted,none,no,11/11/26,synthetic_controlled_generation,synthetic_support_ticket
TELCO-022757,SYN-TKT-022757,SYN-CUST-02757,development,I need to reset my account password. The issue affects normal service use. I would like support with this problem. [synthetic case 022757],ACCOUNT,password_reset,online account,medium,negative,en,voice,web,"{""product"": ""online account"", ""time_reference"": ""during the evening"", ""channel"": ""web""}",Product=online account; intent=password_reset; issue=Password reset issue; channel=web; interaction=voice,Not stated,I need to reset my account password. The issue affects normal service use. I would like support with this problem. [synthetic case 022757] | ACCOUNT | password_reset | online account | Not stated,"Use the approved password-reset flow, complete the verification step, and escalate through account support if recovery cannot be completed.",1,resolved,sufficient,0.84,KB-017,knowledge_base,solved,verified_template,trusted,none,no,21/05/26,synthetic_controlled_generation,synthetic_support_ticket
TELCO-021827,SYN-TKT-021827,SYN-CUST-01827,development,I need to reset my account password. The issue affects normal service use. This is affecting my normal usage. [synthetic case 021827],ACCOUNT,password_reset,online account,medium,frustrated,en,voice,agent_console,"{""product"": ""online account"", ""time_reference"": ""intermittently"", ""channel"": ""agent_console""}",Product=online account; intent=password_reset; issue=Password reset issue; channel=agent_console; interaction=voice,Not stated,I need to reset my account password. The issue affects normal service use. This is affecting my normal usage. [synthetic case 021827] | ACCOUNT | password_reset | online account | Not stated,"Use the approved password-reset flow, complete the verification step, and escalate through account support if recovery cannot be completed.",1,resolved,sufficient,0.84,KB-017,knowledge_base,solved,verified_template,trusted,none,no,15/11/26,synthetic_controlled_generation,synthetic_support_ticket
TELCO-012887,SYN-TKT-012887,SYN-CUST-02887,development,I need to reset my account password. The issue affects normal service use. This is affecting my normal usage. [synthetic case 012887],ACCOUNT,password_reset,online account,medium,frustrated,en,voice,agent_console,"{""product"": ""online account"", ""time_reference"": ""since yesterday"", ""channel"": ""agent_console""}",Product=online account; intent=password_reset; issue=Password reset issue; channel=agent_console; interaction=voice,Not stated,I need to reset my account password. The issue affects normal service use. This is affecting my normal usage. [synthetic case 012887] | ACCOUNT | password_reset | online account | Not stated,"Use the approved password-reset flow, complete the verification step, and escalate through account support if recovery cannot be completed.",1,resolved,sufficient,0.84,KB-017,knowledge_base,solved,verified_template,trusted,none,no,07/11/26,synthetic_controlled_generation,synthetic_support_ticket
TELCO-041177,SYN-TKT-041177,SYN-CUST-01177,development,I need to reset my account password. The issue affects normal service use. I would like support with this problem. [synthetic case 041177],ACCOUNT,password_reset,online account,medium,negative,en,voice,web,"{""product"": ""online account"", ""time_reference"": ""today"", ""channel"": ""web""}",Product=online account; intent=password_reset; issue=Password reset issue; channel=web; interaction=voice,Not stated,I need to reset my account password. The issue affects normal service use. I would like support with this problem. [synthetic case 041177] | ACCOUNT | password_reset | online account | Not stated,"Use the approved password-reset flow, complete the verification step, and escalate through account support if recovery cannot be completed.",1,resolved,sufficient,0.84,KB-017,knowledge_base,solved,verified_template,trusted,none,no,17/05/26,synthetic_controlled_generation,synthetic_support_ticket
TELCO-016397,SYN-TKT-016397,SYN-CUST-06397,development,I need to reset my account password. The issue affects normal service use. I would like support with this problem. [synthetic case 016397],ACCOUNT,password_reset,online account,medium,negative,en,voice,web,"{""product"": ""online account"", ""time_reference"": ""during the evening"", ""channel"": ""web""}",Product=online account; intent=password_reset; issue=Password reset issue; channel=web; interaction=voice,Not stated,I need to reset my account password. The issue affects normal service use. I would like support with this problem. [synthetic case 016397] | ACCOUNT | password_reset | online account | Not stated,"Use the approved password-reset flow, complete the verification step, and escalate through account support if recovery cannot be completed.",1,resolved,sufficient,0.84,KB-017,knowledge_base,solved,verified_template,trusted,none,no,17/05/26,synthetic_controlled_generation,synthetic_support_ticket
TELCO-043127,SYN-TKT-043127,SYN-CUST-03127,development,I need to reset my account password. The issue affects normal service use. This is affecting my normal usage. [synthetic case 043127],ACCOUNT,password_reset,online account,medium,frustrated,en,voice,agent_console,"{""product"": ""online account"", ""time_reference"": ""since yesterday"", ""channel"": ""agent_console""}",Product=online account; intent=password_reset; issue=Password reset issue; channel=agent_console; interaction=voice,Not stated,I need to reset my account password. The issue affects normal service use. This is affecting my normal usage. [synthetic case 043127] | ACCOUNT | password_reset | online account | Not stated,"Use the approved password-reset flow, complete the verification step, and escalate through account support if recovery cannot be completed.",1,resolved,sufficient,0.84,KB-017,knowledge_base,solved,verified_template,trusted,none,no,07/11/26,synthetic_controlled_generation,synthetic_support_ticket
TELCO-057557,SYN-TKT-057557,SYN-CUST-07557,development,I need to reset my account password. The issue affects normal service use. I would like support with this problem. [synthetic case 057557],ACCOUNT,password_reset,online account,medium,negative,en,voice,web,"{""product"": ""online account"", ""time_reference"": ""during the evening"", ""channel"": ""web""}",Product=online account; intent=password_reset; issue=Password reset issue; channel=web; interaction=voice,Not stated,I need to reset my account password. The issue affects normal service use. I would like support with this problem. [synthetic case 057557] | ACCOUNT | password_reset | online account | Not stated,"Use the approved password-reset flow, complete the verification step, and escalate through account support if recovery cannot be completed.",1,resolved,sufficient,0.84,KB-017,knowledge_base,solved,verified_template,trusted,none,no,17/05/26,synthetic_controlled_generation,synthetic_support_ticket
TELCO-041987,SYN-TKT-041987,SYN-CUST-01987,development,I need to reset my account password. The issue affects normal service use. This is affecting my normal usage. [synthetic case 041987],ACCOUNT,password_reset,online account,medium,frustrated,en,voice,agent_console,"{""product"": ""online account"", ""time_reference"": ""intermittently"", ""channel"": ""agent_console""}",Product=online account; intent=password_reset; issue=Password reset issue; channel=agent_console; interaction=voice,Not stated,I need to reset my account password. The issue affects normal service use. This is affecting my normal usage. [synthetic case 041987] | ACCOUNT | password_reset | online account | Not stated,"Use the approved password-reset flow, complete the verification step, and escalate through account support if recovery cannot be completed.",1,resolved,sufficient,0.84,KB-017,knowledge_base,solved,verified_template,trusted,none,no,15/11/26,synthetic_controlled_generation,synthetic_support_ticket
TELCO-039827,SYN-TKT-039827,SYN-CUST-09827,development,I need to reset my account password. The issue affects normal service use. This is affecting my normal usage. [synthetic case 039827],ACCOUNT,password_reset,online account,medium,frustrated,en,voice,agent_console,"{""product"": ""online account"", ""time_reference"": ""intermittently"", ""channel"": ""agent_console""}",Product=online account; intent=password_reset; issue=Password reset issue; channel=agent_console; interaction=voice,Not stated,I need to reset my account password. The issue affects normal service use. This is affecting my normal usage. [synthetic case 039827] | ACCOUNT | password_reset | online account | Not stated,"Use the approved password-reset flow, complete the verification step, and escalate through account support if recovery cannot be completed.",1,resolved,sufficient,0.84,KB-017,knowledge_base,solved,verified_template,trusted,none,no,11/11/26,synthetic_controlled_generation,synthetic_support_ticket
TELCO-004401,SYN-TKT-004401,SYN-CUST-04401,development,My bill payment failed. The issue happens repeatedly. I would like to troubleshoot this. [synthetic case 004401],BILLING,payment_failed,mobile bill,medium,negative,en,free_text,web,"{""product"": ""mobile bill"", ""time_reference"": ""today"", ""channel"": ""web""}",Product=mobile bill; intent=payment_failed; issue=Payment failed; channel=web; interaction=free_text,Not stated,My bill payment failed. The issue happens repeatedly. I would like to troubleshoot this. [synthetic case 004401] | BILLING | payment_failed | mobile bill | Not stated,"Verify the payment status, retry only through the approved payment flow if appropriate, and route the case to payment support if the transaction remains unsuccessful.",3,candidate,insufficient,0.42,candidate_case_pending_review,candidate_case,not_collected,pending_human_review,candidate,emerging_candidate,yes,05/09/26,synthetic_controlled_generation,synthetic_support_ticket
TELCO-037431,SYN-TKT-037431,SYN-CUST-07431,development,My bill payment failed. The issue happens repeatedly. I need assistance resolving this issue. [synthetic case 037431],BILLING,payment_failed,invoice,medium,frustrated,en,free_text,agent_console,"{""product"": ""invoice"", ""time_reference"": ""since yesterday"", ""channel"": ""agent_console""}",Product=invoice; intent=payment_failed; issue=Payment failed; channel=agent_console; interaction=free_text,Not stated,My bill payment failed. The issue happens repeatedly. I need assistance resolving this issue. [synthetic case 037431] | BILLING | payment_failed | invoice | Not stated,"Verify the payment status, retry only through the approved payment flow if appropriate, and route the case to payment support if the transaction remains unsuccessful.",3,candidate,insufficient,0.42,candidate_case_pending_review,candidate_case,not_collected,pending_human_review,candidate,none,yes,23/03/26,synthetic_controlled_generation,synthetic_support_ticket
TELCO-039021,SYN-TKT-039021,SYN-CUST-09021,development,My bill payment failed. The issue happens repeatedly. I would like to troubleshoot this. [synthetic case 039021],BILLING,payment_failed,mobile bill,medium,negative,en,free_text,web,"{""product"": ""mobile bill"", ""time_reference"": ""during the evening"", ""channel"": ""web""}",Product=mobile bill; intent=payment_failed; issue=Payment failed; channel=web; interaction=free_text,Not stated,My bill payment failed. The issue happens repeatedly. I would like to troubleshoot this. [synthetic case 039021] | BILLING | payment_failed | mobile bill | Not stated,"Verify the payment status, retry only through the approved payment flow if appropriate, and route the case to payment support if the transaction remains unsuccessful.",3,candidate,insufficient,0.42,candidate_case_pending_review,candidate_case,not_collected,pending_human_review,candidate,emerging_candidate,yes,17/09/26,synthetic_controlled_generation,synthetic_support_ticket
TELCO-010521,SYN-TKT-010521,SYN-CUST-00521,development,My bill payment failed. The issue happens repeatedly. I would like to troubleshoot this. [synthetic case 010521],BILLING,payment_failed,mobile bill,medium,negative,en,free_text,web,"{""product"": ""mobile bill"", ""time_reference"": ""today"", ""channel"": ""web""}",Product=mobile bill; intent=payment_failed; issue=Payment failed; channel=web; interaction=free_text,Not stated,My bill payment failed. The issue happens repeatedly. I would like to troubleshoot this. [synthetic case 010521] | BILLING | payment_failed | mobile bill | Not stated,"Verify the payment status, retry only through the approved payment flow if appropriate, and route the case to payment support if the transaction remains unsuccessful.",3,candidate,insufficient,0.42,candidate_case_pending_review,candidate_case,not_collected,pending_human_review,candidate,emerging_candidate,yes,21/09/26,synthetic_controlled_generation,synthetic_support_ticket
TELCO-032811,SYN-TKT-032811,SYN-CUST-02811,development,My bill payment failed. The issue happens repeatedly. I need assistance resolving this issue. [synthetic case 032811],BILLING,payment_failed,invoice,medium,frustrated,en,free_text,agent_console,"{""product"": ""invoice"", ""time_reference"": ""intermittently"", ""channel"": ""agent_console""}",Product=invoice; intent=payment_failed; issue=Payment failed; channel=agent_console; interaction=free_text,Not stated,My bill payment failed. The issue happens repeatedly. I need assistance resolving this issue. [synthetic case 032811] | BILLING | payment_failed | invoice | Not stated,"Verify the payment status, retry only through the approved payment flow if appropriate, and route the case to payment support if the transaction remains unsuccessful.",3,candidate,insufficient,0.42,candidate_case_pending_review,candidate_case,not_collected,pending_human_review,candidate,none,yes,23/03/26,synthetic_controlled_generation,synthetic_support_ticket
TELCO-044811,SYN-TKT-044811,SYN-CUST-04811,development,My bill payment failed. The issue happens repeatedly. I need assistance resolving this issue. [synthetic case 044811],BILLING,payment_failed,invoice,medium,frustrated,en,free_text,agent_console,"{""product"": ""invoice"", ""time_reference"": ""intermittently"", ""channel"": ""agent_console""}",Product=invoice; intent=payment_failed; issue=Payment failed; channel=agent_console; interaction=free_text,Not stated,My bill payment failed. The issue happens repeatedly. I need assistance resolving this issue. [synthetic case 044811] | BILLING | payment_failed | invoice | Not stated,"Verify the payment status, retry only through the approved payment flow if appropriate, and route the case to payment support if the transaction remains unsuccessful.",3,candidate,insufficient,0.42,candidate_case_pending_review,candidate_case,not_collected,pending_human_review,candidate,none,yes,11/03/26,synthetic_controlled_generation,synthetic_support_ticket
TELCO-015051,SYN-TKT-015051,SYN-CUST-05051,development,My bill payment failed. The issue happens repeatedly. I need assistance resolving this issue. [synthetic case 015051],BILLING,payment_failed,invoice,medium,frustrated,en,free_text,agent_console,"{""product"": ""invoice"", ""time_reference"": ""intermittently"", ""channel"": ""agent_console""}",Product=invoice; intent=payment_failed; issue=Payment failed; channel=agent_console; interaction=free_text,Not stated,My bill payment failed. The issue happens repeatedly. I need assistance resolving this issue. [synthetic case 015051] | BILLING | payment_failed | invoice | Not stated,"Verify the payment status, retry only through the approved payment flow if appropriate, and route the case to payment support if the transaction remains unsuccessful.",3,candidate,insufficient,0.42,candidate_case_pending_review,candidate_case,not_collected,pending_human_review,candidate,none,yes,15/03/26,synthetic_controlled_generation,synthetic_support_ticket
TELCO-010041,SYN-TKT-010041,SYN-CUST-00041,development,My bill payment failed. The issue happens repeatedly. I would like to troubleshoot this. [synthetic case 010041],BILLING,payment_failed,mobile bill,medium,negative,en,free_text,web,"{""product"": ""mobile bill"", ""time_reference"": ""today"", ""channel"": ""web""}",Product=mobile bill; intent=payment_failed; issue=Payment failed; channel=web; interaction=free_text,Not stated,My bill payment failed. The issue happens repeatedly. I would like to troubleshoot this. [synthetic case 010041] | BILLING | payment_failed | mobile bill | Not stated,"Verify the payment status, retry only through the approved payment flow if appropriate, and route the case to payment support if the transaction remains unsuccessful.",3,candidate,insufficient,0.42,candidate_case_pending_review,candidate_case,not_collected,pending_human_review,candidate,emerging_candidate,yes,17/09/26,synthetic_controlled_generation,synthetic_support_ticket
TELCO-028401,SYN-TKT-028401,SYN-CUST-08401,development,My bill payment failed. The issue happens repeatedly. I would like to troubleshoot this. [synthetic case 028401],BILLING,payment_failed,mobile bill,medium,negative,en,free_text,web,"{""product"": ""mobile bill"", ""time_reference"": ""today"", ""channel"": ""web""}",Product=mobile bill; intent=payment_failed; issue=Payment failed; channel=web; interaction=free_text,Not stated,My bill payment failed. The issue happens repeatedly. I would like to troubleshoot this. [synthetic case 028401] | BILLING | payment_failed | mobile bill | Not stated,"Verify the payment status, retry only through the approved payment flow if appropriate, and route the case to payment support if the transaction remains unsuccessful.",3,candidate,insufficient,0.42,candidate_case_pending_review,candidate_case,not_collected,pending_human_review,candidate,emerging_candidate,yes,09/09/26,synthetic_controlled_generation,synthetic_support_ticket
TELCO-023331,SYN-TKT-023331,SYN-CUST-03331,development,My bill payment failed. The issue happens repeatedly. I need assistance resolving this issue. [synthetic case 023331],BILLING,payment_failed,invoice,medium,frustrated,en,free_text,agent_console,"{""product"": ""invoice"", ""time_reference"": ""intermittently"", ""channel"": ""agent_console""}",Product=invoice; intent=payment_failed; issue=Payment failed; channel=agent_console; interaction=free_text,Not stated,My bill payment failed. The issue happens repeatedly. I need assistance resolving this issue. [synthetic case 023331] | BILLING | payment_failed | invoice | Not stated,"Verify the payment status, retry only through the approved payment flow if appropriate, and route the case to payment support if the transaction remains unsuccessful.",3,candidate,insufficient,0.42,candidate_case_pending_review,candidate_case,not_collected,pending_human_review,candidate,none,yes,07/03/26,synthetic_controlled_generation,synthetic_support_ticket
TELCO-016583,SYN-TKT-016583,SYN-CUST-06583,development,I want to change my current plan. The issue has continued despite basic checks. This is affecting my normal usage. [synthetic case 016583],PLAN,plan_change,recharge plan,medium,frustrated,en,voice,agent_console,"{""product"": ""recharge plan"", ""time_reference"": ""since yesterday"", ""channel"": ""agent_console""}",Product=recharge plan; intent=plan_change; issue=Change current plan; channel=agent_console; interaction=voice,Not stated,I want to change my current plan. The issue has continued despite basic checks. This is affecting my normal usage. [synthetic case 016583] | PLAN | plan_change | recharge plan | Not stated,"Verify the current plan and requested plan, confirm eligibility through the approved plan-change flow, and submit the change if eligible.",1,resolved,sufficient,0.84,KB-023,knowledge_base,solved,verified_template,trusted,none,no,07/11/26,synthetic_controlled_generation,synthetic_support_ticket
TELCO-056873,SYN-TKT-056873,SYN-CUST-06873,development,I want to change my current plan. The issue has continued despite basic checks. I would like support with this problem. [synthetic case 056873],PLAN,plan_change,recharge plan,medium,negative,en,voice,web,"{""product"": ""recharge plan"", ""time_reference"": ""today"", ""channel"": ""web""}",Product=recharge plan; intent=plan_change; issue=Change current plan; channel=web; interaction=voice,Not stated,I want to change my current plan. The issue has continued despite basic checks. I would like support with this problem. [synthetic case 056873] | PLAN | plan_change | recharge plan | Not stated,"Verify the current plan and requested plan, confirm eligibility through the approved plan-change flow, and submit the change if eligible.",1,resolved,sufficient,0.84,KB-023,knowledge_base,solved,verified_template,trusted,none,no,05/05/26,synthetic_controlled_generation,synthetic_support_ticket
TELCO-039323,SYN-TKT-039323,SYN-CUST-09323,development,I want to change my current plan. The issue has continued despite basic checks. This is affecting my normal usage. [synthetic case 039323],PLAN,plan_change,recharge plan,medium,frustrated,en,voice,agent_console,"{""product"": ""recharge plan"", ""time_reference"": ""intermittently"", ""channel"": ""agent_console""}",Product=recharge plan; intent=plan_change; issue=Change current plan; channel=agent_console; interaction=voice,Not stated,I want to change my current plan. The issue has continued despite basic checks. This is affecting my normal usage. [synthetic case 039323] | PLAN | plan_change | recharge plan | Not stated,"Verify the current plan and requested plan, confirm eligibility through the approved plan-change flow, and submit the change if eligible.",1,resolved,sufficient,0.84,KB-023,knowledge_base,solved,verified_template,trusted,none,no,11/11/26,synthetic_controlled_generation,synthetic_support_ticket
TELCO-042293,SYN-TKT-042293,SYN-CUST-02293,development,I want to change my current plan. The issue has continued despite basic checks. I would like support with this problem. [synthetic case 042293],PLAN,plan_change,recharge plan,medium,negative,en,voice,web,"{""product"": ""recharge plan"", ""time_reference"": ""during the evening"", ""channel"": ""web""}",Product=recharge plan; intent=plan_change; issue=Change current plan; channel=web; interaction=voice,Not stated,I want to change my current plan. The issue has continued despite basic checks. I would like support with this problem. [synthetic case 042293] | PLAN | plan_change | recharge plan | Not stated,"Verify the current plan and requested plan, confirm eligibility through the approved plan-change flow, and submit the change if eligible.",1,resolved,sufficient,0.84,KB-023,knowledge_base,solved,verified_template,trusted,none,no,13/05/26,synthetic_controlled_generation,synthetic_support_ticket
TELCO-034223,SYN-TKT-034223,SYN-CUST-04223,development,I want to change my current plan. The issue has continued despite basic checks. This is affecting my normal usage. [synthetic case 034223],PLAN,plan_change,recharge plan,medium,frustrated,en,voice,agent_console,"{""product"": ""recharge plan"", ""time_reference"": ""since yesterday"", ""channel"": ""agent_console""}",Product=recharge plan; intent=plan_change; issue=Change current plan; channel=agent_console; interaction=voice,Not stated,I want to change my current plan. The issue has continued despite basic checks. This is affecting my normal usage. [synthetic case 034223] | PLAN | plan_change | recharge plan | Not stated,"Verify the current plan and requested plan, confirm eligibility through the approved plan-change flow, and submit the change if eligible.",1,resolved,sufficient,0.84,KB-023,knowledge_base,solved,verified_template,trusted,none,no,07/11/26,synthetic_controlled_generation,synthetic_support_ticket
TELCO-013493,SYN-TKT-013493,SYN-CUST-03493,development,I want to change my current plan. The issue has continued despite basic checks. I would like support with this problem. [synthetic case 013493],PLAN,plan_change,recharge plan,medium,negative,en,voice,web,"{""product"": ""recharge plan"", ""time_reference"": ""during the evening"", ""channel"": ""web""}",Product=recharge plan; intent=plan_change; issue=Change current plan; channel=web; interaction=voice,Not stated,I want to change my current plan. The issue has continued despite basic checks. I would like support with this problem. [synthetic case 013493] | PLAN | plan_change | recharge plan | Not stated,"Verify the current plan and requested plan, confirm eligibility through the approved plan-change flow, and submit the change if eligible.",1,resolved,sufficient,0.84,KB-023,knowledge_base,solved,verified_template,trusted,none,no,25/05/26,synthetic_controlled_generation,synthetic_support_ticket
TELCO-042083,SYN-TKT-042083,SYN-CUST-02083,development,I want to change my current plan. The issue has continued despite basic checks. This is affecting my normal usage. [synthetic case 042083],PLAN,plan_change,recharge plan,medium,frustrated,en,voice,agent_console,"{""product"": ""recharge plan"", ""time_reference"": ""intermittently"", ""channel"": ""agent_console""}",Product=recharge plan; intent=plan_change; issue=Change current plan; channel=agent_console; interaction=voice,Not stated,I want to change my current plan. The issue has continued despite basic checks. This is affecting my normal usage. [synthetic case 042083] | PLAN | plan_change | recharge plan | Not stated,"Verify the current plan and requested plan, confirm eligibility through the approved plan-change flow, and submit the change if eligible.",1,resolved,sufficient,0.84,KB-023,knowledge_base,solved,verified_template,trusted,none,no,27/11/26,synthetic_controlled_generation,synthetic_support_ticket
TELCO-019943,SYN-TKT-019943,SYN-CUST-09943,development,I want to change my current plan. The issue has continued despite basic checks. This is affecting my normal usage. [synthetic case 019943],PLAN,plan_change,recharge plan,medium,frustrated,en,voice,agent_console,"{""product"": ""recharge plan"", ""time_reference"": ""since yesterday"", ""channel"": ""agent_console""}",Product=recharge plan; intent=plan_change; issue=Change current plan; channel=agent_console; interaction=voice,Not stated,I want to change my current plan. The issue has continued despite basic checks. This is affecting my normal usage. [synthetic case 019943] | PLAN | plan_change | recharge plan | Not stated,"Verify the current plan and requested plan, confirm eligibility through the approved plan-change flow, and submit the change if eligible.",1,resolved,sufficient,0.84,KB-023,knowledge_base,solved,verified_template,trusted,none,no,07/11/26,synthetic_controlled_generation,synthetic_support_ticket
TELCO-051803,SYN-TKT-051803,SYN-CUST-01803,development,I want to change my current plan. The issue has continued despite basic checks. This is affecting my normal usage. [synthetic case 051803],PLAN,plan_change,recharge plan,medium,frustrated,en,voice,agent_console,"{""product"": ""recharge plan"", ""time_reference"": ""intermittently"", ""channel"": ""agent_console""}",Product=recharge plan; intent=plan_change; issue=Change current plan; channel=agent_console; interaction=voice,Not stated,I want to change my current plan. The issue has continued despite basic checks. This is affecting my normal usage. [synthetic case 051803] | PLAN | plan_change | recharge plan | Not stated,"Verify the current plan and requested plan, confirm eligibility through the approved plan-change flow, and submit the change if eligible.",1,resolved,sufficient,0.84,KB-023,knowledge_base,solved,verified_template,trusted,none,no,03/11/26,synthetic_controlled_generation,synthetic_support_ticket
TELCO-047213,SYN-TKT-047213,SYN-CUST-07213,development,I want to change my current plan. The issue has continued despite basic checks. I would like support with this problem. [synthetic case 047213],PLAN,plan_change,recharge plan,medium,negative,en,voice,web,"{""product"": ""recharge plan"", ""time_reference"": ""during the evening"", ""channel"": ""web""}",Product=recharge plan; intent=plan_change; issue=Change current plan; channel=web; interaction=voice,Not stated,I want to change my current plan. The issue has continued despite basic checks. I would like support with this problem. [synthetic case 047213] | PLAN | plan_change | recharge plan | Not stated,"Verify the current plan and requested plan, confirm eligibility through the approved plan-change flow, and submit the change if eligible.",1,resolved,sufficient,0.84,KB-023,knowledge_base,solved,verified_template,trusted,none,no,05/05/26,synthetic_controlled_generation,synthetic_support_ticket
TELCO-047694,SYN-TKT-047694,SYN-CUST-07694,development,I want information about available plans. The issue started recently. The issue is still present after basic checks. [synthetic case 047694],PLAN,plan_information,broadband plan,medium,neutral,en,free_text,mobile_app,"{""product"": ""broadband plan"", ""time_reference"": ""for the last two days"", ""channel"": ""mobile_app""}",Product=broadband plan; intent=plan_information; issue=Ask about plan information; channel=mobile_app; interaction=free_text,Not stated,I want information about available plans. The issue started recently. The issue is still present after basic checks. [synthetic case 047694] | PLAN | plan_information | broadband plan | Not stated,Present the currently available plan information from the approved knowledge base and ask the customer to select the plan they want to evaluate.,1,resolved,sufficient,0.84,KB-024,knowledge_base,solved,verified_template,trusted,none,no,10/06/26,synthetic_controlled_generation,synthetic_support_ticket
TELCO-003444,SYN-TKT-003444,SYN-CUST-03444,development,I want information about available plans. The issue started recently. Please guide me through the next step. [synthetic case 003444],PLAN,plan_information,broadband plan,medium,urgent,en,free_text,voice_transcription,"{""product"": ""broadband plan"", ""time_reference"": ""after work"", ""channel"": ""voice_transcription""}",Product=broadband plan; intent=plan_information; issue=Ask about plan information; channel=voice_transcription; interaction=free_text,Not stated,I want information about available plans. The issue started recently. Please guide me through the next step. [synthetic case 003444] | PLAN | plan_information | broadband plan | Not stated,Present the currently available plan information from the approved knowledge base and ask the customer to select the plan they want to evaluate.,1,resolved,sufficient,0.84,KB-024,knowledge_base,solved,verified_template,trusted,none,no,28/12/26,synthetic_controlled_generation,synthetic_support_ticket
TELCO-014094,SYN-TKT-014094,SYN-CUST-04094,development,I want information about available plans. The issue started recently. The issue is still present after basic checks. [synthetic case 014094],PLAN,plan_information,broadband plan,medium,neutral,en,free_text,mobile_app,"{""product"": ""broadband plan"", ""time_reference"": ""for the last two days"", ""channel"": ""mobile_app""}",Product=broadband plan; intent=plan_information; issue=Ask about plan information; channel=mobile_app; interaction=free_text,Not stated,I want information about available plans. The issue started recently. The issue is still present after basic checks. [synthetic case 014094] | PLAN | plan_information | broadband plan | Not stated,Present the currently available plan information from the approved knowledge base and ask the customer to select the plan they want to evaluate.,1,resolved,sufficient,0.84,KB-024,knowledge_base,solved,verified_template,trusted,none,no,10/06/26,synthetic_controlled_generation,synthetic_support_ticket
TELCO-050514,SYN-TKT-050514,SYN-CUST-00514,development,I want information about available plans. The issue started recently. The issue is still present after basic checks. [synthetic case 050514],PLAN,plan_information,broadband plan,medium,neutral,en,free_text,mobile_app,"{""product"": ""broadband plan"", ""time_reference"": ""for the past week"", ""channel"": ""mobile_app""}",Product=broadband plan; intent=plan_information; issue=Ask about plan information; channel=mobile_app; interaction=free_text,Not stated,I want information about available plans. The issue started recently. The issue is still present after basic checks. [synthetic case 050514] | PLAN | plan_information | broadband plan | Not stated,Present the currently available plan information from the approved knowledge base and ask the customer to select the plan they want to evaluate.,1,resolved,sufficient,0.84,KB-024,knowledge_base,solved,verified_template,trusted,none,no,02/06/26,synthetic_controlled_generation,synthetic_support_ticket
TELCO-001974,SYN-TKT-001974,SYN-CUST-01974,development,I want information about available plans. The issue started recently. The issue is still present after basic checks. [synthetic case 001974],PLAN,plan_information,broadband plan,medium,neutral,en,free_text,mobile_app,"{""product"": ""broadband plan"", ""time_reference"": ""for the last two days"", ""channel"": ""mobile_app""}",Product=broadband plan; intent=plan_information; issue=Ask about plan information; channel=mobile_app; interaction=free_text,Not stated,I want information about available plans. The issue started recently. The issue is still present after basic checks. [synthetic case 001974] | PLAN | plan_information | broadband plan | Not stated,Present the currently available plan information from the approved knowledge base and ask the customer to select the plan they want to evaluate.,1,resolved,sufficient,0.84,KB-024,knowledge_base,solved,verified_template,trusted,none,no,14/06/26,synthetic_controlled_generation,synthetic_support_ticket
TELCO-049464,SYN-TKT-049464,SYN-CUST-09464,development,I want information about available plans. The issue started recently. Please guide me through the next step. [synthetic case 049464],PLAN,plan_information,broadband plan,medium,urgent,en,free_text,voice_transcription,"{""product"": ""broadband plan"", ""time_reference"": ""since this morning"", ""channel"": ""voice_transcription""}",Product=broadband plan; intent=plan_information; issue=Ask about plan information; channel=voice_transcription; interaction=free_text,Not stated,I want information about available plans. The issue started recently. Please guide me through the next step. [synthetic case 049464] | PLAN | plan_information | broadband plan | Not stated,Present the currently available plan information from the approved knowledge base and ask the customer to select the plan they want to evaluate.,1,resolved,sufficient,0.84,KB-024,knowledge_base,solved,verified_template,trusted,none,no,16/12/26,synthetic_controlled_generation,synthetic_support_ticket
TELCO-019404,SYN-TKT-019404,SYN-CUST-09404,development,I want information about available plans. The issue started recently. Please guide me through the next step. [synthetic case 019404],PLAN,plan_information,broadband plan,medium,urgent,en,free_text,voice_transcription,"{""product"": ""broadband plan"", ""time_reference"": ""after work"", ""channel"": ""voice_transcription""}",Product=broadband plan; intent=plan_information; issue=Ask about plan information; channel=voice_transcription; interaction=free_text,Not stated,I want information about available plans. The issue started recently. Please guide me through the next step. [synthetic case 019404] | PLAN | plan_information | broadband plan | Not stated,Present the currently available plan information from the approved knowledge base and ask the customer to select the plan they want to evaluate.,1,resolved,sufficient,0.84,KB-024,knowledge_base,solved,verified_template,trusted,none,no,28/12/26,synthetic_controlled_generation,synthetic_support_ticket
TELCO-024654,SYN-TKT-024654,SYN-CUST-04654,development,I want information about available plans. The issue started recently. The issue is still present after basic checks. [synthetic case 024654],PLAN,plan_information,broadband plan,medium,neutral,en,free_text,mobile_app,"{""product"": ""broadband plan"", ""time_reference"": ""for the last two days"", ""channel"": ""mobile_app""}",Product=broadband plan; intent=plan_information; issue=Ask about plan information; channel=mobile_app; interaction=free_text,Not stated,I want information about available plans. The issue started recently. The issue is still present after basic checks. [synthetic case 024654] | PLAN | plan_information | broadband plan | Not stated,Present the currently available plan information from the approved knowledge base and ask the customer to select the plan they want to evaluate.,1,resolved,sufficient,0.84,KB-024,knowledge_base,solved,verified_template,trusted,none,no,14/06/26,synthetic_controlled_generation,synthetic_support_ticket
TELCO-016464,SYN-TKT-016464,SYN-CUST-06464,development,I want information about available plans. The issue started recently. Please guide me through the next step. [synthetic case 016464],PLAN,plan_information,broadband plan,medium,urgent,en,free_text,voice_transcription,"{""product"": ""broadband plan"", ""time_reference"": ""since this morning"", ""channel"": ""voice_transcription""}",Product=broadband plan; intent=plan_information; issue=Ask about plan information; channel=voice_transcription; interaction=free_text,Not stated,I want information about available plans. The issue started recently. Please guide me through the next step. [synthetic case 016464] | PLAN | plan_information | broadband plan | Not stated,Present the currently available plan information from the approved knowledge base and ask the customer to select the plan they want to evaluate.,1,resolved,sufficient,0.84,KB-024,knowledge_base,solved,verified_template,trusted,none,no,28/12/26,synthetic_controlled_generation,synthetic_support_ticket
TELCO-004074,SYN-TKT-004074,SYN-CUST-04074,development,I want information about available plans. The issue started recently. The issue is still present after basic checks. [synthetic case 004074],PLAN,plan_information,broadband plan,medium,neutral,en,free_text,mobile_app,"{""product"": ""broadband plan"", ""time_reference"": ""for the past week"", ""channel"": ""mobile_app""}",Product=broadband plan; intent=plan_information; issue=Ask about plan information; channel=mobile_app; interaction=free_text,Not stated,I want information about available plans. The issue started recently. The issue is still present after basic checks. [synthetic case 004074] | PLAN | plan_information | broadband plan | Not stated,Present the currently available plan information from the approved knowledge base and ask the customer to select the plan they want to evaluate.,1,resolved,sufficient,0.84,KB-024,knowledge_base,solved,verified_template,trusted,none,no,14/06/26,synthetic_controlled_generation,synthetic_support_ticket
TELCO-012978,SYN-TKT-012978,SYN-CUST-02978,development,I need to update my account profile. The issue has continued despite basic checks. The issue is still present after basic checks. [synthetic case 012978],ACCOUNT,profile_update,self-care account,medium,neutral,en,free_text,mobile_app,"{""product"": ""self-care account"", ""time_reference"": ""for the past week"", ""channel"": ""mobile_app""}",Product=self-care account; intent=profile_update; issue=Profile information update; channel=mobile_app; interaction=free_text,Not stated,I need to update my account profile. The issue has continued despite basic checks. The issue is still present after basic checks. [synthetic case 012978] | ACCOUNT | profile_update | self-care account | Not stated,Use the approved account-profile update flow and verify the saved details; route the request to an agent if the required field cannot be changed.,1,resolved,sufficient,0.84,KB-018,knowledge_base,solved,verified_template,trusted,none,no,14/06/26,synthetic_controlled_generation,synthetic_support_ticket
TELCO-056118,SYN-TKT-056118,SYN-CUST-06118,development,I need to update my account profile. The issue has continued despite basic checks. The issue is still present after basic checks. [synthetic case 056118],ACCOUNT,profile_update,self-care account,medium,neutral,en,free_text,mobile_app,"{""product"": ""self-care account"", ""time_reference"": ""for the last two days"", ""channel"": ""mobile_app""}",Product=self-care account; intent=profile_update; issue=Profile information update; channel=mobile_app; interaction=free_text,Not stated,I need to update my account profile. The issue has continued despite basic checks. The issue is still present after basic checks. [synthetic case 056118] | ACCOUNT | profile_update | self-care account | Not stated,Use the approved account-profile update flow and verify the saved details; route the request to an agent if the required field cannot be changed.,1,resolved,sufficient,0.84,KB-018,knowledge_base,solved,verified_template,trusted,none,no,06/06/26,synthetic_controlled_generation,synthetic_support_ticket
TELCO-057948,SYN-TKT-057948,SYN-CUST-07948,development,I need to update my account profile. The issue has continued despite basic checks. Please guide me through the next step. [synthetic case 057948],ACCOUNT,profile_update,self-care account,medium,urgent,en,free_text,voice_transcription,"{""product"": ""self-care account"", ""time_reference"": ""after work"", ""channel"": ""voice_transcription""}",Product=self-care account; intent=profile_update; issue=Profile information update; channel=voice_transcription; interaction=free_text,Not stated,I need to update my account profile. The issue has continued despite basic checks. Please guide me through the next step. [synthetic case 057948] | ACCOUNT | profile_update | self-care account | Not stated,Use the approved account-profile update flow and verify the saved details; route the request to an agent if the required field cannot be changed.,1,resolved,sufficient,0.84,KB-018,knowledge_base,solved,verified_template,trusted,none,no,16/12/26,synthetic_controlled_generation,synthetic_support_ticket
TELCO-034848,SYN-TKT-034848,SYN-CUST-04848,development,I need to update my account profile. The issue has continued despite basic checks. Please guide me through the next step. [synthetic case 034848],ACCOUNT,profile_update,self-care account,medium,urgent,en,free_text,voice_transcription,"{""product"": ""self-care account"", ""time_reference"": ""since this morning"", ""channel"": ""voice_transcription""}",Product=self-care account; intent=profile_update; issue=Profile information update; channel=voice_transcription; interaction=free_text,Not stated,I need to update my account profile. The issue has continued despite basic checks. Please guide me through the next step. [synthetic case 034848] | ACCOUNT | profile_update | self-care account | Not stated,Use the approved account-profile update flow and verify the saved details; route the request to an agent if the required field cannot be changed.,1,resolved,sufficient,0.84,KB-018,knowledge_base,solved,verified_template,trusted,none,no,16/12/26,synthetic_controlled_generation,synthetic_support_ticket
TELCO-053838,SYN-TKT-053838,SYN-CUST-03838,development,I need to update my account profile. The issue has continued despite basic checks. The issue is still present after basic checks. [synthetic case 053838],ACCOUNT,profile_update,self-care account,medium,neutral,en,free_text,mobile_app,"{""product"": ""self-care account"", ""time_reference"": ""for the last two days"", ""channel"": ""mobile_app""}",Product=self-care account; intent=profile_update; issue=Profile information update; channel=mobile_app; interaction=free_text,Not stated,I need to update my account profile. The issue has continued despite basic checks. The issue is still present after basic checks. [synthetic case 053838] | ACCOUNT | profile_update | self-care account | Not stated,Use the approved account-profile update flow and verify the saved details; route the request to an agent if the required field cannot be changed.,1,resolved,sufficient,0.84,KB-018,knowledge_base,solved,verified_template,trusted,none,no,22/06/26,synthetic_controlled_generation,synthetic_support_ticket
TELCO-044118,SYN-TKT-044118,SYN-CUST-04118,development,I need to update my account profile. The issue has continued despite basic checks. The issue is still present after basic checks. [synthetic case 044118],ACCOUNT,profile_update,self-care account,medium,neutral,en,free_text,mobile_app,"{""product"": ""self-care account"", ""time_reference"": ""for the last two days"", ""channel"": ""mobile_app""}",Product=self-care account; intent=profile_update; issue=Profile information update; channel=mobile_app; interaction=free_text,Not stated,I need to update my account profile. The issue has continued despite basic checks. The issue is still present after basic checks. [synthetic case 044118] | ACCOUNT | profile_update | self-care account | Not stated,Use the approved account-profile update flow and verify the saved details; route the request to an agent if the required field cannot be changed.,1,resolved,sufficient,0.84,KB-018,knowledge_base,solved,verified_template,trusted,none,no,18/06/26,synthetic_controlled_generation,synthetic_support_ticket
TELCO-019338,SYN-TKT-019338,SYN-CUST-09338,development,I need to update my account profile. The issue has continued despite basic checks. The issue is still present after basic checks. [synthetic case 019338],ACCOUNT,profile_update,self-care account,medium,neutral,en,free_text,mobile_app,"{""product"": ""self-care account"", ""time_reference"": ""for the past week"", ""channel"": ""mobile_app""}",Product=self-care account; intent=profile_update; issue=Profile information update; channel=mobile_app; interaction=free_text,Not stated,I need to update my account profile. The issue has continued despite basic checks. The issue is still present after basic checks. [synthetic case 019338] | ACCOUNT | profile_update | self-care account | Not stated,Use the approved account-profile update flow and verify the saved details; route the request to an agent if the required field cannot be changed.,1,resolved,sufficient,0.84,KB-018,knowledge_base,solved,verified_template,trusted,none,no,18/06/26,synthetic_controlled_generation,synthetic_support_ticket
TELCO-013068,SYN-TKT-013068,SYN-CUST-03068,development,I need to update my account profile. The issue has continued despite basic checks. Please guide me through the next step. [synthetic case 013068],ACCOUNT,profile_update,self-care account,medium,urgent,en,free_text,voice_transcription,"{""product"": ""self-care account"", ""time_reference"": ""after work"", ""channel"": ""voice_transcription""}",Product=self-care account; intent=profile_update; issue=Profile information update; channel=voice_transcription; interaction=free_text,Not stated,I need to update my account profile. The issue has continued despite basic checks. Please guide me through the next step. [synthetic case 013068] | ACCOUNT | profile_update | self-care account | Not stated,Use the approved account-profile update flow and verify the saved details; route the request to an agent if the required field cannot be changed.,1,resolved,sufficient,0.84,KB-018,knowledge_base,solved,verified_template,trusted,none,no,20/12/26,synthetic_controlled_generation,synthetic_support_ticket
TELCO-040278,SYN-TKT-040278,SYN-CUST-00278,development,I need to update my account profile. The issue has continued despite basic checks. The issue is still present after basic checks. [synthetic case 040278],ACCOUNT,profile_update,self-care account,medium,neutral,en,free_text,mobile_app,"{""product"": ""self-care account"", ""time_reference"": ""for the last two days"", ""channel"": ""mobile_app""}",Product=self-care account; intent=profile_update; issue=Profile information update; channel=mobile_app; interaction=free_text,Not stated,I need to update my account profile. The issue has continued despite basic checks. The issue is still present after basic checks. [synthetic case 040278] | ACCOUNT | profile_update | self-care account | Not stated,Use the approved account-profile update flow and verify the saved details; route the request to an agent if the required field cannot be changed.,1,resolved,sufficient,0.84,KB-018,knowledge_base,solved,verified_template,trusted,none,no,14/06/26,synthetic_controlled_generation,synthetic_support_ticket
TELCO-030678,SYN-TKT-030678,SYN-CUST-00678,development,I need to update my account profile. The issue has continued despite basic checks. The issue is still present after basic checks. [synthetic case 030678],ACCOUNT,profile_update,self-care account,medium,neutral,en,free_text,mobile_app,"{""product"": ""self-care account"", ""time_reference"": ""for the last two days"", ""channel"": ""mobile_app""}",Product=self-care account; intent=profile_update; issue=Profile information update; channel=mobile_app; interaction=free_text,Not stated,I need to update my account profile. The issue has continued despite basic checks. The issue is still present after basic checks. [synthetic case 030678] | ACCOUNT | profile_update | self-care account | Not stated,Use the approved account-profile update flow and verify the saved details; route the request to an agent if the required field cannot be changed.,1,resolved,sufficient,0.84,KB-018,knowledge_base,solved,verified_template,trusted,none,no,18/06/26,synthetic_controlled_generation,synthetic_support_ticket
TELCO-024325,SYN-TKT-024325,SYN-CUST-04325,development,My recharge did not complete. The issue is intermittent. I need help with this. [synthetic case 024325],PLAN,recharge_issue,mobile plan,medium,negative,en,guided,web,"{""product"": ""mobile plan"", ""time_reference"": ""during the evening"", ""channel"": ""web""}",Product=mobile plan; intent=recharge_issue; issue=Recharge issue; channel=web; interaction=guided,Not stated,My recharge did not complete. The issue is intermittent. I need help with this. [synthetic case 024325] | PLAN | recharge_issue | mobile plan | Not stated,"Verify the recharge transaction status, check whether the balance updated, and route the transaction for review if the recharge remains incomplete.",1,resolved,sufficient,0.84,KB-025,knowledge_base,solved,verified_template,trusted,none,no,21/01/26,synthetic_controlled_generation,synthetic_support_ticket
TELCO-054355,SYN-TKT-054355,SYN-CUST-04355,development,My recharge did not complete. The issue is intermittent. I need a clear troubleshooting path. [synthetic case 054355],PLAN,recharge_issue,mobile plan,medium,frustrated,en,guided,agent_console,"{""product"": ""mobile plan"", ""time_reference"": ""intermittently"", ""channel"": ""agent_console""}",Product=mobile plan; intent=recharge_issue; issue=Recharge issue; channel=agent_console; interaction=guided,Not stated,My recharge did not complete. The issue is intermittent. I need a clear troubleshooting path. [synthetic case 054355] | PLAN | recharge_issue | mobile plan | Not stated,"Verify the recharge transaction status, check whether the balance updated, and route the transaction for review if the recharge remains incomplete.",1,resolved,sufficient,0.84,KB-025,knowledge_base,solved,verified_template,trusted,none,no,07/07/26,synthetic_controlled_generation,synthetic_support_ticket
TELCO-056185,SYN-TKT-056185,SYN-CUST-06185,development,My recharge did not complete. The issue is intermittent. I need help with this. [synthetic case 056185],PLAN,recharge_issue,mobile plan,medium,negative,en,guided,web,"{""product"": ""mobile plan"", ""time_reference"": ""today"", ""channel"": ""web""}",Product=mobile plan; intent=recharge_issue; issue=Recharge issue; channel=web; interaction=guided,Not stated,My recharge did not complete. The issue is intermittent. I need help with this. [synthetic case 056185] | PLAN | recharge_issue | mobile plan | Not stated,"Verify the recharge transaction status, check whether the balance updated, and route the transaction for review if the recharge remains incomplete.",1,resolved,sufficient,0.84,KB-025,knowledge_base,solved,verified_template,trusted,none,no,17/01/26,synthetic_controlled_generation,synthetic_support_ticket
TELCO-039505,SYN-TKT-039505,SYN-CUST-09505,development,My recharge did not complete. The issue is intermittent. I need help with this. [synthetic case 039505],PLAN,recharge_issue,mobile plan,medium,negative,en,guided,web,"{""product"": ""mobile plan"", ""time_reference"": ""today"", ""channel"": ""web""}",Product=mobile plan; intent=recharge_issue; issue=Recharge issue; channel=web; interaction=guided,Not stated,My recharge did not complete. The issue is intermittent. I need help with this. [synthetic case 039505] | PLAN | recharge_issue | mobile plan | Not stated,"Verify the recharge transaction status, check whether the balance updated, and route the transaction for review if the recharge remains incomplete.",1,resolved,sufficient,0.84,KB-025,knowledge_base,solved,verified_template,trusted,none,no,25/01/26,synthetic_controlled_generation,synthetic_support_ticket
TELCO-028195,SYN-TKT-028195,SYN-CUST-08195,development,My recharge did not complete. The issue is intermittent. I need a clear troubleshooting path. [synthetic case 028195],PLAN,recharge_issue,mobile plan,medium,frustrated,en,guided,agent_console,"{""product"": ""mobile plan"", ""time_reference"": ""intermittently"", ""channel"": ""agent_console""}",Product=mobile plan; intent=recharge_issue; issue=Recharge issue; channel=agent_console; interaction=guided,Not stated,My recharge did not complete. The issue is intermittent. I need a clear troubleshooting path. [synthetic case 028195] | PLAN | recharge_issue | mobile plan | Not stated,"Verify the recharge transaction status, check whether the balance updated, and route the transaction for review if the recharge remains incomplete.",1,resolved,sufficient,0.84,KB-025,knowledge_base,solved,verified_template,trusted,none,no,27/07/26,synthetic_controlled_generation,synthetic_support_ticket
TELCO-008785,SYN-TKT-008785,SYN-CUST-08785,development,My recharge did not complete. The issue is intermittent. I need help with this. [synthetic case 008785],PLAN,recharge_issue,mobile plan,medium,negative,en,guided,web,"{""product"": ""mobile plan"", ""time_reference"": ""today"", ""channel"": ""web""}",Product=mobile plan; intent=recharge_issue; issue=Recharge issue; channel=web; interaction=guided,Not stated,My recharge did not complete. The issue is intermittent. I need help with this. [synthetic case 008785] | PLAN | recharge_issue | mobile plan | Not stated,"Verify the recharge transaction status, check whether the balance updated, and route the transaction for review if the recharge remains incomplete.",1,resolved,sufficient,0.84,KB-025,knowledge_base,solved,verified_template,trusted,none,no,21/01/26,synthetic_controlled_generation,synthetic_support_ticket
TELCO-016285,SYN-TKT-016285,SYN-CUST-06285,development,My recharge did not complete. The issue is intermittent. I need help with this. [synthetic case 016285],PLAN,recharge_issue,mobile plan,medium,negative,en,guided,web,"{""product"": ""mobile plan"", ""time_reference"": ""during the evening"", ""channel"": ""web""}",Product=mobile plan; intent=recharge_issue; issue=Recharge issue; channel=web; interaction=guided,Not stated,My recharge did not complete. The issue is intermittent. I need help with this. [synthetic case 016285] | PLAN | recharge_issue | mobile plan | Not stated,"Verify the recharge transaction status, check whether the balance updated, and route the transaction for review if the recharge remains incomplete.",1,resolved,sufficient,0.84,KB-025,knowledge_base,solved,verified_template,trusted,none,no,17/01/26,synthetic_controlled_generation,synthetic_support_ticket
TELCO-008575,SYN-TKT-008575,SYN-CUST-08575,development,My recharge did not complete. The issue is intermittent. I need a clear troubleshooting path. [synthetic case 008575],PLAN,recharge_issue,mobile plan,medium,frustrated,en,guided,agent_console,"{""product"": ""mobile plan"", ""time_reference"": ""since yesterday"", ""channel"": ""agent_console""}",Product=mobile plan; intent=recharge_issue; issue=Recharge issue; channel=agent_console; interaction=guided,Not stated,My recharge did not complete. The issue is intermittent. I need a clear troubleshooting path. [synthetic case 008575] | PLAN | recharge_issue | mobile plan | Not stated,"Verify the recharge transaction status, check whether the balance updated, and route the transaction for review if the recharge remains incomplete.",1,resolved,sufficient,0.84,KB-025,knowledge_base,solved,verified_template,trusted,none,no,07/07/26,synthetic_controlled_generation,synthetic_support_ticket
TELCO-015175,SYN-TKT-015175,SYN-CUST-05175,development,My recharge did not complete. The issue is intermittent. I need a clear troubleshooting path. [synthetic case 015175],PLAN,recharge_issue,mobile plan,medium,frustrated,en,guided,agent_console,"{""product"": ""mobile plan"", ""time_reference"": ""since yesterday"", ""channel"": ""agent_console""}",Product=mobile plan; intent=recharge_issue; issue=Recharge issue; channel=agent_console; interaction=guided,Not stated,My recharge did not complete. The issue is intermittent. I need a clear troubleshooting path. [synthetic case 015175] | PLAN | recharge_issue | mobile plan | Not stated,"Verify the recharge transaction status, check whether the balance updated, and route the transaction for review if the recharge remains incomplete.",1,resolved,sufficient,0.84,KB-025,knowledge_base,solved,verified_template,trusted,none,no,27/07/26,synthetic_controlled_generation,synthetic_support_ticket
TELCO-045775,SYN-TKT-045775,SYN-CUST-05775,development,My recharge did not complete. The issue is intermittent. I need a clear troubleshooting path. [synthetic case 045775],PLAN,recharge_issue,mobile plan,medium,frustrated,en,guided,agent_console,"{""product"": ""mobile plan"", ""time_reference"": ""since yesterday"", ""channel"": ""agent_console""}",Product=mobile plan; intent=recharge_issue; issue=Recharge issue; channel=agent_console; interaction=guided,Not stated,My recharge did not complete. The issue is intermittent. I need a clear troubleshooting path. [synthetic case 045775] | PLAN | recharge_issue | mobile plan | Not stated,"Verify the recharge transaction status, check whether the balance updated, and route the transaction for review if the recharge remains incomplete.",1,resolved,sufficient,0.84,KB-025,knowledge_base,solved,verified_template,trusted,none,no,23/07/26,synthetic_controlled_generation,synthetic_support_ticket
TELCO-034492,SYN-TKT-034492,SYN-CUST-04492,development,I want to know the status of my refund. The issue affects normal service use. Please tell me the approved next step. [synthetic case 034492],BILLING,refund_status,broadband bill,medium,urgent,en,guided,voice_transcription,"{""product"": ""broadband bill"", ""time_reference"": ""after work"", ""channel"": ""voice_transcription""}",Product=broadband bill; intent=refund_status; issue=Refund status inquiry; channel=voice_transcription; interaction=guided,Not stated,I want to know the status of my refund. The issue affects normal service use. Please tell me the approved next step. [synthetic case 034492] | BILLING | refund_status | broadband bill | Not stated,"Verify the refund reference and original transaction, check the available refund status, and route the case to billing support if the status cannot be confirmed.",1,resolved,sufficient,0.84,KB-022,knowledge_base,solved,verified_template,trusted,none,no,24/04/26,synthetic_controlled_generation,synthetic_support_ticket
TELCO-033112,SYN-TKT-033112,SYN-CUST-03112,development,I want to know the status of my refund. The issue affects normal service use. Please tell me the approved next step. [synthetic case 033112],BILLING,refund_status,broadband bill,medium,urgent,en,guided,voice_transcription,"{""product"": ""broadband bill"", ""time_reference"": ""since this morning"", ""channel"": ""voice_transcription""}",Product=broadband bill; intent=refund_status; issue=Refund status inquiry; channel=voice_transcription; interaction=guided,Not stated,I want to know the status of my refund. The issue affects normal service use. Please tell me the approved next step. [synthetic case 033112] | BILLING | refund_status | broadband bill | Not stated,"Verify the refund reference and original transaction, check the available refund status, and route the case to billing support if the status cannot be confirmed.",1,resolved,sufficient,0.84,KB-022,knowledge_base,solved,verified_template,trusted,none,no,16/04/26,synthetic_controlled_generation,synthetic_support_ticket
TELCO-016162,SYN-TKT-016162,SYN-CUST-06162,development,I want to know the status of my refund. The issue affects normal service use. I have already checked the basic settings. [synthetic case 016162],BILLING,refund_status,account bill,medium,neutral,en,guided,mobile_app,"{""product"": ""account bill"", ""time_reference"": ""for the past week"", ""channel"": ""mobile_app""}",Product=account bill; intent=refund_status; issue=Refund status inquiry; channel=mobile_app; interaction=guided,Not stated,I want to know the status of my refund. The issue affects normal service use. I have already checked the basic settings. [synthetic case 016162] | BILLING | refund_status | account bill | Not stated,"Verify the refund reference and original transaction, check the available refund status, and route the case to billing support if the status cannot be confirmed.",1,resolved,sufficient,0.84,KB-022,knowledge_base,solved,verified_template,trusted,none,no,06/10/26,synthetic_controlled_generation,synthetic_support_ticket
TELCO-045892,SYN-TKT-045892,SYN-CUST-05892,development,I want to know the status of my refund. The issue affects normal service use. Please tell me the approved next step. [synthetic case 045892],BILLING,refund_status,broadband bill,medium,urgent,en,guided,voice_transcription,"{""product"": ""broadband bill"", ""time_reference"": ""after work"", ""channel"": ""voice_transcription""}",Product=broadband bill; intent=refund_status; issue=Refund status inquiry; channel=voice_transcription; interaction=guided,Not stated,I want to know the status of my refund. The issue affects normal service use. Please tell me the approved next step. [synthetic case 045892] | BILLING | refund_status | broadband bill | Not stated,"Verify the refund reference and original transaction, check the available refund status, and route the case to billing support if the status cannot be confirmed.",1,resolved,sufficient,0.84,KB-022,knowledge_base,solved,verified_template,trusted,none,no,28/04/26,synthetic_controlled_generation,synthetic_support_ticket
TELCO-035932,SYN-TKT-035932,SYN-CUST-05932,development,I want to know the status of my refund. The issue affects normal service use. Please tell me the approved next step. [synthetic case 035932],BILLING,refund_status,broadband bill,medium,urgent,en,guided,voice_transcription,"{""product"": ""broadband bill"", ""time_reference"": ""after work"", ""channel"": ""voice_transcription""}",Product=broadband bill; intent=refund_status; issue=Refund status inquiry; channel=voice_transcription; interaction=guided,Not stated,I want to know the status of my refund. The issue affects normal service use. Please tell me the approved next step. [synthetic case 035932] | BILLING | refund_status | broadband bill | Not stated,"Verify the refund reference and original transaction, check the available refund status, and route the case to billing support if the status cannot be confirmed.",1,resolved,sufficient,0.84,KB-022,knowledge_base,solved,verified_template,trusted,none,no,08/04/26,synthetic_controlled_generation,synthetic_support_ticket
TELCO-026332,SYN-TKT-026332,SYN-CUST-06332,development,I want to know the status of my refund. The issue affects normal service use. Please tell me the approved next step. [synthetic case 026332],BILLING,refund_status,broadband bill,medium,urgent,en,guided,voice_transcription,"{""product"": ""broadband bill"", ""time_reference"": ""after work"", ""channel"": ""voice_transcription""}",Product=broadband bill; intent=refund_status; issue=Refund status inquiry; channel=voice_transcription; interaction=guided,Not stated,I want to know the status of my refund. The issue affects normal service use. Please tell me the approved next step. [synthetic case 026332] | BILLING | refund_status | broadband bill | Not stated,"Verify the refund reference and original transaction, check the available refund status, and route the case to billing support if the status cannot be confirmed.",1,resolved,sufficient,0.84,KB-022,knowledge_base,solved,verified_template,trusted,none,no,12/04/26,synthetic_controlled_generation,synthetic_support_ticket
TELCO-055162,SYN-TKT-055162,SYN-CUST-05162,development,I want to know the status of my refund. The issue affects normal service use. I have already checked the basic settings. [synthetic case 055162],BILLING,refund_status,account bill,medium,neutral,en,guided,mobile_app,"{""product"": ""account bill"", ""time_reference"": ""for the past week"", ""channel"": ""mobile_app""}",Product=account bill; intent=refund_status; issue=Refund status inquiry; channel=mobile_app; interaction=guided,Not stated,I want to know the status of my refund. The issue affects normal service use. I have already checked the basic settings. [synthetic case 055162] | BILLING | refund_status | account bill | Not stated,"Verify the refund reference and original transaction, check the available refund status, and route the case to billing support if the status cannot be confirmed.",1,resolved,sufficient,0.84,KB-022,knowledge_base,solved,verified_template,trusted,none,no,02/10/26,synthetic_controlled_generation,synthetic_support_ticket
TELCO-035872,SYN-TKT-035872,SYN-CUST-05872,development,I want to know the status of my refund. The issue affects normal service use. Please tell me the approved next step. [synthetic case 035872],BILLING,refund_status,broadband bill,medium,urgent,en,guided,voice_transcription,"{""product"": ""broadband bill"", ""time_reference"": ""since this morning"", ""channel"": ""voice_transcription""}",Product=broadband bill; intent=refund_status; issue=Refund status inquiry; channel=voice_transcription; interaction=guided,Not stated,I want to know the status of my refund. The issue affects normal service use. Please tell me the approved next step. [synthetic case 035872] | BILLING | refund_status | broadband bill | Not stated,"Verify the refund reference and original transaction, check the available refund status, and route the case to billing support if the status cannot be confirmed.",1,resolved,sufficient,0.84,KB-022,knowledge_base,solved,verified_template,trusted,none,no,04/04/26,synthetic_controlled_generation,synthetic_support_ticket
TELCO-024532,SYN-TKT-024532,SYN-CUST-04532,development,I want to know the status of my refund. The issue affects normal service use. Please tell me the approved next step. [synthetic case 024532],BILLING,refund_status,broadband bill,medium,urgent,en,guided,voice_transcription,"{""product"": ""broadband bill"", ""time_reference"": ""after work"", ""channel"": ""voice_transcription""}",Product=broadband bill; intent=refund_status; issue=Refund status inquiry; channel=voice_transcription; interaction=guided,Not stated,I want to know the status of my refund. The issue affects normal service use. Please tell me the approved next step. [synthetic case 024532] | BILLING | refund_status | broadband bill | Not stated,"Verify the refund reference and original transaction, check the available refund status, and route the case to billing support if the status cannot be confirmed.",1,resolved,sufficient,0.84,KB-022,knowledge_base,solved,verified_template,trusted,none,no,04/04/26,synthetic_controlled_generation,synthetic_support_ticket
TELCO-022252,SYN-TKT-022252,SYN-CUST-02252,development,I want to know the status of my refund. The issue affects normal service use. Please tell me the approved next step. [synthetic case 022252],BILLING,refund_status,broadband bill,medium,urgent,en,guided,voice_transcription,"{""product"": ""broadband bill"", ""time_reference"": ""after work"", ""channel"": ""voice_transcription""}",Product=broadband bill; intent=refund_status; issue=Refund status inquiry; channel=voice_transcription; interaction=guided,Not stated,I want to know the status of my refund. The issue affects normal service use. Please tell me the approved next step. [synthetic case 022252] | BILLING | refund_status | broadband bill | Not stated,"Verify the refund reference and original transaction, check the available refund status, and route the case to billing support if the status cannot be confirmed.",1,resolved,sufficient,0.84,KB-022,knowledge_base,solved,verified_template,trusted,none,no,20/04/26,synthetic_controlled_generation,synthetic_support_ticket
TELCO-013477,SYN-TKT-013477,SYN-CUST-03477,development,My roaming service is not working during the evening. The issue affects normal service use. I need help with this. [synthetic case 013477],CONNECTIVITY,roaming_not_working,mobile network,medium,negative,en,guided,web,"{""product"": ""mobile network"", ""time_reference"": ""during the evening"", ""channel"": ""web""}",Product=mobile network; intent=roaming_not_working; issue=Roaming is not working; channel=web; interaction=guided,Not stated,My roaming service is not working during the evening. The issue affects normal service use. I need help with this. [synthetic case 013477] | CONNECTIVITY | roaming_not_working | mobile network | Not stated,"Confirm roaming is enabled for the service, restart the device, retry network registration, and escalate with the roaming location and service details if unsuccessful.",1,resolved,sufficient,0.84,KB-007,knowledge_base,solved,verified_template,trusted,none,no,09/01/26,synthetic_controlled_generation,synthetic_support_ticket
TELCO-008497,SYN-TKT-008497,SYN-CUST-08497,development,My roaming service is not working today. The issue affects normal service use. I need help with this. [synthetic case 008497],CONNECTIVITY,roaming_not_working,mobile network,medium,negative,en,guided,web,"{""product"": ""mobile network"", ""time_reference"": ""today"", ""channel"": ""web""}",Product=mobile network; intent=roaming_not_working; issue=Roaming is not working; channel=web; interaction=guided,Not stated,My roaming service is not working today. The issue affects normal service use. I need help with this. [synthetic case 008497] | CONNECTIVITY | roaming_not_working | mobile network | Not stated,"Confirm roaming is enabled for the service, restart the device, retry network registration, and escalate with the roaming location and service details if unsuccessful.",1,resolved,sufficient,0.84,KB-007,knowledge_base,solved,verified_template,trusted,none,no,13/01/26,synthetic_controlled_generation,synthetic_support_ticket
TELCO-031297,SYN-TKT-031297,SYN-CUST-01297,development,My roaming service is not working today. The issue affects normal service use. I need help with this. [synthetic case 031297],CONNECTIVITY,roaming_not_working,mobile network,medium,negative,en,guided,web,"{""product"": ""mobile network"", ""time_reference"": ""today"", ""channel"": ""web""}",Product=mobile network; intent=roaming_not_working; issue=Roaming is not working; channel=web; interaction=guided,Not stated,My roaming service is not working today. The issue affects normal service use. I need help with this. [synthetic case 031297] | CONNECTIVITY | roaming_not_working | mobile network | Not stated,"Confirm roaming is enabled for the service, restart the device, retry network registration, and escalate with the roaming location and service details if unsuccessful.",1,resolved,sufficient,0.84,KB-007,knowledge_base,solved,verified_template,trusted,none,no,21/01/26,synthetic_controlled_generation,synthetic_support_ticket
TELCO-030307,SYN-TKT-030307,SYN-CUST-00307,development,My roaming service is not working intermittently. The issue affects normal service use. I need a clear troubleshooting path. [synthetic case 030307],CONNECTIVITY,roaming_not_working,mobile network,medium,frustrated,en,guided,agent_console,"{""product"": ""mobile network"", ""time_reference"": ""intermittently"", ""channel"": ""agent_console""}",Product=mobile network; intent=roaming_not_working; issue=Roaming is not working; channel=agent_console; interaction=guided,Not stated,My roaming service is not working intermittently. The issue affects normal service use. I need a clear troubleshooting path. [synthetic case 030307] | CONNECTIVITY | roaming_not_working | mobile network | Not stated,"Confirm roaming is enabled for the service, restart the device, retry network registration, and escalate with the roaming location and service details if unsuccessful.",1,resolved,sufficient,0.84,KB-007,knowledge_base,solved,verified_template,trusted,none,no,11/07/26,synthetic_controlled_generation,synthetic_support_ticket
TELCO-005587,SYN-TKT-005587,SYN-CUST-05587,development,My roaming service is not working intermittently. The issue affects normal service use. I need a clear troubleshooting path. [synthetic case 005587],CONNECTIVITY,roaming_not_working,mobile network,medium,frustrated,en,guided,agent_console,"{""product"": ""mobile network"", ""time_reference"": ""intermittently"", ""channel"": ""agent_console""}",Product=mobile network; intent=roaming_not_working; issue=Roaming is not working; channel=agent_console; interaction=guided,Not stated,My roaming service is not working intermittently. The issue affects normal service use. I need a clear troubleshooting path. [synthetic case 005587] | CONNECTIVITY | roaming_not_working | mobile network | Not stated,"Confirm roaming is enabled for the service, restart the device, retry network registration, and escalate with the roaming location and service details if unsuccessful.",1,resolved,sufficient,0.84,KB-007,knowledge_base,solved,verified_template,trusted,none,no,15/07/26,synthetic_controlled_generation,synthetic_support_ticket
TELCO-046417,SYN-TKT-046417,SYN-CUST-06417,development,My roaming service is not working today. The issue affects normal service use. I need help with this. [synthetic case 046417],CONNECTIVITY,roaming_not_working,mobile network,medium,negative,en,guided,web,"{""product"": ""mobile network"", ""time_reference"": ""today"", ""channel"": ""web""}",Product=mobile network; intent=roaming_not_working; issue=Roaming is not working; channel=web; interaction=guided,Not stated,My roaming service is not working today. The issue affects normal service use. I need help with this. [synthetic case 046417] | CONNECTIVITY | roaming_not_working | mobile network | Not stated,"Confirm roaming is enabled for the service, restart the device, retry network registration, and escalate with the roaming location and service details if unsuccessful.",1,resolved,sufficient,0.84,KB-007,knowledge_base,solved,verified_template,trusted,none,no,21/01/26,synthetic_controlled_generation,synthetic_support_ticket
TELCO-002887,SYN-TKT-002887,SYN-CUST-02887,development,My roaming service is not working since yesterday. The issue affects normal service use. I need a clear troubleshooting path. [synthetic case 002887],CONNECTIVITY,roaming_not_working,mobile network,medium,frustrated,en,guided,agent_console,"{""product"": ""mobile network"", ""time_reference"": ""since yesterday"", ""channel"": ""agent_console""}",Product=mobile network; intent=roaming_not_working; issue=Roaming is not working; channel=agent_console; interaction=guided,Not stated,My roaming service is not working since yesterday. The issue affects normal service use. I need a clear troubleshooting path. [synthetic case 002887] | CONNECTIVITY | roaming_not_working | mobile network | Not stated,"Confirm roaming is enabled for the service, restart the device, retry network registration, and escalate with the roaming location and service details if unsuccessful.",1,resolved,sufficient,0.84,KB-007,knowledge_base,solved,verified_template,trusted,none,no,03/07/26,synthetic_controlled_generation,synthetic_support_ticket
TELCO-052897,SYN-TKT-052897,SYN-CUST-02897,development,My roaming service is not working today. The issue affects normal service use. I need help with this. [synthetic case 052897],CONNECTIVITY,roaming_not_working,mobile network,medium,negative,en,guided,web,"{""product"": ""mobile network"", ""time_reference"": ""today"", ""channel"": ""web""}",Product=mobile network; intent=roaming_not_working; issue=Roaming is not working; channel=web; interaction=guided,Not stated,My roaming service is not working today. The issue affects normal service use. I need help with this. [synthetic case 052897] | CONNECTIVITY | roaming_not_working | mobile network | Not stated,"Confirm roaming is enabled for the service, restart the device, retry network registration, and escalate with the roaming location and service details if unsuccessful.",1,resolved,sufficient,0.84,KB-007,knowledge_base,solved,verified_template,trusted,none,no,05/01/26,synthetic_controlled_generation,synthetic_support_ticket
TELCO-006727,SYN-TKT-006727,SYN-CUST-06727,development,My roaming service is not working since yesterday. The issue affects normal service use. I need a clear troubleshooting path. [synthetic case 006727],CONNECTIVITY,roaming_not_working,mobile network,medium,frustrated,en,guided,agent_console,"{""product"": ""mobile network"", ""time_reference"": ""since yesterday"", ""channel"": ""agent_console""}",Product=mobile network; intent=roaming_not_working; issue=Roaming is not working; channel=agent_console; interaction=guided,Not stated,My roaming service is not working since yesterday. The issue affects normal service use. I need a clear troubleshooting path. [synthetic case 006727] | CONNECTIVITY | roaming_not_working | mobile network | Not stated,"Confirm roaming is enabled for the service, restart the device, retry network registration, and escalate with the roaming location and service details if unsuccessful.",1,resolved,sufficient,0.84,KB-007,knowledge_base,solved,verified_template,trusted,none,no,07/07/26,synthetic_controlled_generation,synthetic_support_ticket
TELCO-009397,SYN-TKT-009397,SYN-CUST-09397,development,My roaming service is not working during the evening. The issue affects normal service use. I need help with this. [synthetic case 009397],CONNECTIVITY,roaming_not_working,mobile network,medium,negative,en,guided,web,"{""product"": ""mobile network"", ""time_reference"": ""during the evening"", ""channel"": ""web""}",Product=mobile network; intent=roaming_not_working; issue=Roaming is not working; channel=web; interaction=guided,Not stated,My roaming service is not working during the evening. The issue affects normal service use. I need help with this. [synthetic case 009397] | CONNECTIVITY | roaming_not_working | mobile network | Not stated,"Confirm roaming is enabled for the service, restart the device, retry network registration, and escalate with the roaming location and service details if unsuccessful.",1,resolved,sufficient,0.84,KB-007,knowledge_base,solved,verified_template,trusted,none,no,17/01/26,synthetic_controlled_generation,synthetic_support_ticket
TELCO-038563,SYN-TKT-038563,SYN-CUST-08563,development,I restarted the router but the connection problem remains intermittently. The issue has continued despite basic checks. I need a clear troubleshooting path. [synthetic case 038563],CONNECTIVITY,router_restart_issue,Wi-Fi,medium,frustrated,en,guided,agent_console,"{""product"": ""Wi-Fi"", ""time_reference"": ""intermittently"", ""channel"": ""agent_console""}",Product=Wi-Fi; intent=router_restart_issue; issue=Router/ONT restart does not restore service; channel=agent_console; interaction=guided,Restart attempted,I restarted the router but the connection problem remains intermittently. The issue has continued despite basic checks. I need a clear troubleshooting path. [synthetic case 038563] | CONNECTIVITY | router_restart_issue | Wi-Fi | Restart attempted,"Confirm the router/ONT completed its restart, check connection status and physical links, retry the service, and escalate with status indicators if the issue remains.",1,resolved,sufficient,0.84,KB-013,knowledge_base,solved,verified_template,trusted,none,no,07/07/26,synthetic_controlled_generation,synthetic_support_ticket
TELCO-009823,SYN-TKT-009823,SYN-CUST-09823,development,I restarted the router but the connection problem remains since yesterday. The issue has continued despite basic checks. I need a clear troubleshooting path. [synthetic case 009823],CONNECTIVITY,router_restart_issue,Wi-Fi,medium,frustrated,en,guided,agent_console,"{""product"": ""Wi-Fi"", ""time_reference"": ""since yesterday"", ""channel"": ""agent_console""}",Product=Wi-Fi; intent=router_restart_issue; issue=Router/ONT restart does not restore service; channel=agent_console; interaction=guided,Restart attempted,I restarted the router but the connection problem remains since yesterday. The issue has continued despite basic checks. I need a clear troubleshooting path. [synthetic case 009823] | CONNECTIVITY | router_restart_issue | Wi-Fi | Restart attempted,"Confirm the router/ONT completed its restart, check connection status and physical links, retry the service, and escalate with status indicators if the issue remains.",1,resolved,sufficient,0.84,KB-013,knowledge_base,solved,verified_template,trusted,none,no,23/07/26,synthetic_controlled_generation,synthetic_support_ticket
TELCO-048673,SYN-TKT-048673,SYN-CUST-08673,development,I restarted the router but the connection problem remains today. The issue has continued despite basic checks. I need help with this. [synthetic case 048673],CONNECTIVITY,router_restart_issue,Wi-Fi,medium,negative,en,guided,web,"{""product"": ""Wi-Fi"", ""time_reference"": ""today"", ""channel"": ""web""}",Product=Wi-Fi; intent=router_restart_issue; issue=Router/ONT restart does not restore service; channel=web; interaction=guided,Restart attempted,I restarted the router but the connection problem remains today. The issue has continued despite basic checks. I need help with this. [synthetic case 048673] | CONNECTIVITY | router_restart_issue | Wi-Fi | Restart attempted,"Confirm the router/ONT completed its restart, check connection status and physical links, retry the service, and escalate with status indicators if the issue remains.",1,resolved,sufficient,0.84,KB-013,knowledge_base,solved,verified_template,trusted,none,no,09/01/26,synthetic_controlled_generation,synthetic_support_ticket
TELCO-041803,SYN-TKT-041803,SYN-CUST-01803,development,I restarted the router but the connection problem remains intermittently. The issue has continued despite basic checks. I need a clear troubleshooting path. [synthetic case 041803],CONNECTIVITY,router_restart_issue,Wi-Fi,medium,frustrated,en,guided,agent_console,"{""product"": ""Wi-Fi"", ""time_reference"": ""intermittently"", ""channel"": ""agent_console""}",Product=Wi-Fi; intent=router_restart_issue; issue=Router/ONT restart does not restore service; channel=agent_console; interaction=guided,Restart attempted,I restarted the router but the connection problem remains intermittently. The issue has continued despite basic checks. I need a clear troubleshooting path. [synthetic case 041803] | CONNECTIVITY | router_restart_issue | Wi-Fi | Restart attempted,"Confirm the router/ONT completed its restart, check connection status and physical links, retry the service, and escalate with status indicators if the issue remains.",1,resolved,sufficient,0.84,KB-013,knowledge_base,solved,verified_template,trusted,none,no,27/07/26,synthetic_controlled_generation,synthetic_support_ticket
TELCO-025933,SYN-TKT-025933,SYN-CUST-05933,development,I restarted the router but the connection problem remains during the evening. The issue has continued despite basic checks. I need help with this. [synthetic case 025933],CONNECTIVITY,router_restart_issue,Wi-Fi,medium,negative,en,guided,web,"{""product"": ""Wi-Fi"", ""time_reference"": ""during the evening"", ""channel"": ""web""}",Product=Wi-Fi; intent=router_restart_issue; issue=Router/ONT restart does not restore service; channel=web; interaction=guided,Restart attempted,I restarted the router but the connection problem remains during the evening. The issue has continued despite basic checks. I need help with this. [synthetic case 025933] | CONNECTIVITY | router_restart_issue | Wi-Fi | Restart attempted,"Confirm the router/ONT completed its restart, check connection status and physical links, retry the service, and escalate with status indicators if the issue remains.",1,resolved,sufficient,0.84,KB-013,knowledge_base,solved,verified_template,trusted,none,no,05/01/26,synthetic_controlled_generation,synthetic_support_ticket
TELCO-036643,SYN-TKT-036643,SYN-CUST-06643,development,I restarted the router but the connection problem remains intermittently. The issue has continued despite basic checks. I need a clear troubleshooting path. [synthetic case 036643],CONNECTIVITY,router_restart_issue,Wi-Fi,medium,frustrated,en,guided,agent_console,"{""product"": ""Wi-Fi"", ""time_reference"": ""intermittently"", ""channel"": ""agent_console""}",Product=Wi-Fi; intent=router_restart_issue; issue=Router/ONT restart does not restore service; channel=agent_console; interaction=guided,Restart attempted,I restarted the router but the connection problem remains intermittently. The issue has continued despite basic checks. I need a clear troubleshooting path. [synthetic case 036643] | CONNECTIVITY | router_restart_issue | Wi-Fi | Restart attempted,"Confirm the router/ONT completed its restart, check connection status and physical links, retry the service, and escalate with status indicators if the issue remains.",1,resolved,sufficient,0.84,KB-013,knowledge_base,solved,verified_template,trusted,none,no,19/07/26,synthetic_controlled_generation,synthetic_support_ticket
TELCO-003913,SYN-TKT-003913,SYN-CUST-03913,development,I restarted the router but the connection problem remains today. The issue has continued despite basic checks. I need help with this. [synthetic case 003913],CONNECTIVITY,router_restart_issue,Wi-Fi,medium,negative,en,guided,web,"{""product"": ""Wi-Fi"", ""time_reference"": ""today"", ""channel"": ""web""}",Product=Wi-Fi; intent=router_restart_issue; issue=Router/ONT restart does not restore service; channel=web; interaction=guided,Restart attempted,I restarted the router but the connection problem remains today. The issue has continued despite basic checks. I need help with this. [synthetic case 003913] | CONNECTIVITY | router_restart_issue | Wi-Fi | Restart attempted,"Confirm the router/ONT completed its restart, check connection status and physical links, retry the service, and escalate with status indicators if the issue remains.",1,resolved,sufficient,0.84,KB-013,knowledge_base,solved,verified_template,trusted,none,no,21/01/26,synthetic_controlled_generation,synthetic_support_ticket
TELCO-023653,SYN-TKT-023653,SYN-CUST-03653,development,I restarted the router but the connection problem remains during the evening. The issue has continued despite basic checks. I need help with this. [synthetic case 023653],CONNECTIVITY,router_restart_issue,Wi-Fi,medium,negative,en,guided,web,"{""product"": ""Wi-Fi"", ""time_reference"": ""during the evening"", ""channel"": ""web""}",Product=Wi-Fi; intent=router_restart_issue; issue=Router/ONT restart does not restore service; channel=web; interaction=guided,Restart attempted,I restarted the router but the connection problem remains during the evening. The issue has continued despite basic checks. I need help with this. [synthetic case 023653] | CONNECTIVITY | router_restart_issue | Wi-Fi | Restart attempted,"Confirm the router/ONT completed its restart, check connection status and physical links, retry the service, and escalate with status indicators if the issue remains.",1,resolved,sufficient,0.84,KB-013,knowledge_base,solved,verified_template,trusted,none,no,21/01/26,synthetic_controlled_generation,synthetic_support_ticket
TELCO-023443,SYN-TKT-023443,SYN-CUST-03443,development,I restarted the router but the connection problem remains intermittently. The issue has continued despite basic checks. I need a clear troubleshooting path. [synthetic case 023443],CONNECTIVITY,router_restart_issue,Wi-Fi,medium,frustrated,en,guided,agent_console,"{""product"": ""Wi-Fi"", ""time_reference"": ""intermittently"", ""channel"": ""agent_console""}",Product=Wi-Fi; intent=router_restart_issue; issue=Router/ONT restart does not restore service; channel=agent_console; interaction=guided,Restart attempted,I restarted the router but the connection problem remains intermittently. The issue has continued despite basic checks. I need a clear troubleshooting path. [synthetic case 023443] | CONNECTIVITY | router_restart_issue | Wi-Fi | Restart attempted,"Confirm the router/ONT completed its restart, check connection status and physical links, retry the service, and escalate with status indicators if the issue remains.",1,resolved,sufficient,0.84,KB-013,knowledge_base,solved,verified_template,trusted,none,no,07/07/26,synthetic_controlled_generation,synthetic_support_ticket
TELCO-036613,SYN-TKT-036613,SYN-CUST-06613,development,I restarted the router but the connection problem remains during the evening. The issue has continued despite basic checks. I need help with this. [synthetic case 036613],CONNECTIVITY,router_restart_issue,Wi-Fi,medium,negative,en,guided,web,"{""product"": ""Wi-Fi"", ""time_reference"": ""during the evening"", ""channel"": ""web""}",Product=Wi-Fi; intent=router_restart_issue; issue=Router/ONT restart does not restore service; channel=web; interaction=guided,Restart attempted,I restarted the router but the connection problem remains during the evening. The issue has continued despite basic checks. I need help with this. [synthetic case 036613] | CONNECTIVITY | router_restart_issue | Wi-Fi | Restart attempted,"Confirm the router/ONT completed its restart, check connection status and physical links, retry the service, and escalate with status indicators if the issue remains.",1,resolved,sufficient,0.84,KB-013,knowledge_base,solved,verified_template,trusted,none,no,17/01/26,synthetic_controlled_generation,synthetic_support_ticket
TELCO-028755,SYN-TKT-028755,SYN-CUST-08755,development,My service has not activated yet. The issue is intermittent. I need assistance resolving this issue. [synthetic case 028755],INSTALLATION,service_activation,ONT,medium,frustrated,en,free_text,agent_console,"{""product"": ""ONT"", ""time_reference"": ""intermittently"", ""channel"": ""agent_console""}",Product=ONT; intent=service_activation; issue=Service activation issue; channel=agent_console; interaction=free_text,Not stated,My service has not activated yet. The issue is intermittent. I need assistance resolving this issue. [synthetic case 028755] | INSTALLATION | service_activation | ONT | Not stated,"Verify the activation request status, confirm the required activation step has completed, and route the case for agent follow-up if the service remains inactive.",1,resolved,sufficient,0.84,KB-015,knowledge_base,solved,verified_template,trusted,none,no,27/03/26,synthetic_controlled_generation,synthetic_support_ticket
TELCO-032505,SYN-TKT-032505,SYN-CUST-02505,development,My service has not activated yet. The issue is intermittent. I would like to troubleshoot this. [synthetic case 032505],INSTALLATION,service_activation,ONT,medium,negative,en,free_text,web,"{""product"": ""ONT"", ""time_reference"": ""today"", ""channel"": ""web""}",Product=ONT; intent=service_activation; issue=Service activation issue; channel=web; interaction=free_text,Not stated,My service has not activated yet. The issue is intermittent. I would like to troubleshoot this. [synthetic case 032505] | INSTALLATION | service_activation | ONT | Not stated,"Verify the activation request status, confirm the required activation step has completed, and route the case for agent follow-up if the service remains inactive.",1,resolved,sufficient,0.84,KB-015,knowledge_base,solved,verified_template,trusted,none,no,25/09/26,synthetic_controlled_generation,synthetic_support_ticket
TELCO-015435,SYN-TKT-015435,SYN-CUST-05435,development,My service has not activated yet. The issue is intermittent. I need assistance resolving this issue. [synthetic case 015435],INSTALLATION,service_activation,ONT,medium,frustrated,en,free_text,agent_console,"{""product"": ""ONT"", ""time_reference"": ""intermittently"", ""channel"": ""agent_console""}",Product=ONT; intent=service_activation; issue=Service activation issue; channel=agent_console; interaction=free_text,Not stated,My service has not activated yet. The issue is intermittent. I need assistance resolving this issue. [synthetic case 015435] | INSTALLATION | service_activation | ONT | Not stated,"Verify the activation request status, confirm the required activation step has completed, and route the case for agent follow-up if the service remains inactive.",1,resolved,sufficient,0.84,KB-015,knowledge_base,solved,verified_template,trusted,none,no,07/03/26,synthetic_controlled_generation,synthetic_support_ticket
TELCO-059655,SYN-TKT-059655,SYN-CUST-09655,development,My service has not activated yet. The issue is intermittent. I need assistance resolving this issue. [synthetic case 059655],INSTALLATION,service_activation,ONT,medium,frustrated,en,free_text,agent_console,"{""product"": ""ONT"", ""time_reference"": ""since yesterday"", ""channel"": ""agent_console""}",Product=ONT; intent=service_activation; issue=Service activation issue; channel=agent_console; interaction=free_text,Not stated,My service has not activated yet. The issue is intermittent. I need assistance resolving this issue. [synthetic case 059655] | INSTALLATION | service_activation | ONT | Not stated,"Verify the activation request status, confirm the required activation step has completed, and route the case for agent follow-up if the service remains inactive.",1,resolved,sufficient,0.84,KB-015,knowledge_base,solved,verified_template,trusted,none,no,15/03/26,synthetic_controlled_generation,synthetic_support_ticket
TELCO-034005,SYN-TKT-034005,SYN-CUST-04005,development,My service has not activated yet. The issue is intermittent. I would like to troubleshoot this. [synthetic case 034005],INSTALLATION,service_activation,ONT,medium,negative,en,free_text,web,"{""product"": ""ONT"", ""time_reference"": ""during the evening"", ""channel"": ""web""}",Product=ONT; intent=service_activation; issue=Service activation issue; channel=web; interaction=free_text,Not stated,My service has not activated yet. The issue is intermittent. I would like to troubleshoot this. [synthetic case 034005] | INSTALLATION | service_activation | ONT | Not stated,"Verify the activation request status, confirm the required activation step has completed, and route the case for agent follow-up if the service remains inactive.",1,resolved,sufficient,0.84,KB-015,knowledge_base,solved,verified_template,trusted,none,no,13/09/26,synthetic_controlled_generation,synthetic_support_ticket
TELCO-052875,SYN-TKT-052875,SYN-CUST-02875,development,My service has not activated yet. The issue is intermittent. I need assistance resolving this issue. [synthetic case 052875],INSTALLATION,service_activation,ONT,medium,frustrated,en,free_text,agent_console,"{""product"": ""ONT"", ""time_reference"": ""intermittently"", ""channel"": ""agent_console""}",Product=ONT; intent=service_activation; issue=Service activation issue; channel=agent_console; interaction=free_text,Not stated,My service has not activated yet. The issue is intermittent. I need assistance resolving this issue. [synthetic case 052875] | INSTALLATION | service_activation | ONT | Not stated,"Verify the activation request status, confirm the required activation step has completed, and route the case for agent follow-up if the service remains inactive.",1,resolved,sufficient,0.84,KB-015,knowledge_base,solved,verified_template,trusted,none,no,11/03/26,synthetic_controlled_generation,synthetic_support_ticket
TELCO-057915,SYN-TKT-057915,SYN-CUST-07915,development,My service has not activated yet. The issue is intermittent. I need assistance resolving this issue. [synthetic case 057915],INSTALLATION,service_activation,ONT,medium,frustrated,en,free_text,agent_console,"{""product"": ""ONT"", ""time_reference"": ""intermittently"", ""channel"": ""agent_console""}",Product=ONT; intent=service_activation; issue=Service activation issue; channel=agent_console; interaction=free_text,Not stated,My service has not activated yet. The issue is intermittent. I need assistance resolving this issue. [synthetic case 057915] | INSTALLATION | service_activation | ONT | Not stated,"Verify the activation request status, confirm the required activation step has completed, and route the case for agent follow-up if the service remains inactive.",1,resolved,sufficient,0.84,KB-015,knowledge_base,solved,verified_template,trusted,none,no,11/03/26,synthetic_controlled_generation,synthetic_support_ticket
TELCO-000705,SYN-TKT-000705,SYN-CUST-00705,development,My service has not activated yet. The issue is intermittent. I would like to troubleshoot this. [synthetic case 000705],INSTALLATION,service_activation,ONT,medium,negative,en,free_text,web,"{""product"": ""ONT"", ""time_reference"": ""today"", ""channel"": ""web""}",Product=ONT; intent=service_activation; issue=Service activation issue; channel=web; interaction=free_text,Not stated,My service has not activated yet. The issue is intermittent. I would like to troubleshoot this. [synthetic case 000705] | INSTALLATION | service_activation | ONT | Not stated,"Verify the activation request status, confirm the required activation step has completed, and route the case for agent follow-up if the service remains inactive.",1,resolved,sufficient,0.84,KB-015,knowledge_base,solved,verified_template,trusted,none,no,05/09/26,synthetic_controlled_generation,synthetic_support_ticket
TELCO-041805,SYN-TKT-041805,SYN-CUST-01805,development,My service has not activated yet. The issue is intermittent. I would like to troubleshoot this. [synthetic case 041805],INSTALLATION,service_activation,ONT,medium,negative,en,free_text,web,"{""product"": ""ONT"", ""time_reference"": ""during the evening"", ""channel"": ""web""}",Product=ONT; intent=service_activation; issue=Service activation issue; channel=web; interaction=free_text,Not stated,My service has not activated yet. The issue is intermittent. I would like to troubleshoot this. [synthetic case 041805] | INSTALLATION | service_activation | ONT | Not stated,"Verify the activation request status, confirm the required activation step has completed, and route the case for agent follow-up if the service remains inactive.",1,resolved,sufficient,0.84,KB-015,knowledge_base,solved,verified_template,trusted,none,no,01/09/26,synthetic_controlled_generation,synthetic_support_ticket
TELCO-044295,SYN-TKT-044295,SYN-CUST-04295,development,My service has not activated yet. The issue is intermittent. I need assistance resolving this issue. [synthetic case 044295],INSTALLATION,service_activation,ONT,medium,frustrated,en,free_text,agent_console,"{""product"": ""ONT"", ""time_reference"": ""since yesterday"", ""channel"": ""agent_console""}",Product=ONT; intent=service_activation; issue=Service activation issue; channel=agent_console; interaction=free_text,Not stated,My service has not activated yet. The issue is intermittent. I need assistance resolving this issue. [synthetic case 044295] | INSTALLATION | service_activation | ONT | Not stated,"Verify the activation request status, confirm the required activation step has completed, and route the case for agent follow-up if the service remains inactive.",1,resolved,sufficient,0.84,KB-015,knowledge_base,solved,verified_template,trusted,none,no,27/03/26,synthetic_controlled_generation,synthetic_support_ticket
TELCO-007050,SYN-TKT-007050,SYN-CUST-07050,held_out_test,I think there may be a service outage in my area. The issue is intermittent. The issue is still present after basic checks. [synthetic case 007050],SERVICE,service_outage,local network,high,neutral,en,free_text,mobile_app,"{""product"": ""local network"", ""time_reference"": ""for the past week"", ""channel"": ""mobile_app""}",Product=local network; intent=service_outage; issue=Possible service outage; channel=mobile_app; interaction=free_text,Not stated,I think there may be a service outage in my area. The issue is intermittent. The issue is still present after basic checks. [synthetic case 007050] | SERVICE | service_outage | local network | Not stated,"Check the approved service-status source for the relevant area/service, provide only confirmed outage information, and escalate if no confirmed outage explains the issue.",1,resolved,sufficient,0.84,KB-030,knowledge_base,solved,verified_template,trusted,none,no,22/06/26,synthetic_controlled_generation,synthetic_support_ticket
TELCO-041910,SYN-TKT-041910,SYN-CUST-01910,held_out_test,I think there may be a service outage in my area. The issue is intermittent. The issue is still present after basic checks. [synthetic case 041910],SERVICE,service_outage,local network,high,neutral,en,free_text,mobile_app,"{""product"": ""local network"", ""time_reference"": ""for the last two days"", ""channel"": ""mobile_app""}",Product=local network; intent=service_outage; issue=Possible service outage; channel=mobile_app; interaction=free_text,Not stated,I think there may be a service outage in my area. The issue is intermittent. The issue is still present after basic checks. [synthetic case 041910] | SERVICE | service_outage | local network | Not stated,"Check the approved service-status source for the relevant area/service, provide only confirmed outage information, and escalate if no confirmed outage explains the issue.",1,resolved,sufficient,0.84,KB-030,knowledge_base,solved,verified_template,trusted,none,no,22/06/26,synthetic_controlled_generation,synthetic_support_ticket
TELCO-054386,SYN-TKT-054386,SYN-CUST-04386,development,My new SIM has not activated. The issue happens repeatedly. Can you help me with the troubleshooting process? [synthetic case 054386],SIM,sim_activation,mobile SIM,medium,neutral,en,voice,mobile_app,"{""product"": ""mobile SIM"", ""time_reference"": ""for the past week"", ""channel"": ""mobile_app""}",Product=mobile SIM; intent=sim_activation; issue=SIM activation issue; channel=mobile_app; interaction=voice,Not stated,My new SIM has not activated. The issue happens repeatedly. Can you help me with the troubleshooting process? [synthetic case 054386] | SIM | sim_activation | mobile SIM | Not stated,"Verify the SIM activation request, complete the approved activation process, and restart the device after activation if required.",1,resolved,sufficient,0.84,KB-026,knowledge_base,solved,verified_template,trusted,none,no,10/02/26,synthetic_controlled_generation,synthetic_support_ticket
TELCO-032996,SYN-TKT-032996,SYN-CUST-02996,development,My new SIM has not activated. The issue happens repeatedly. Please help me identify what to do next. [synthetic case 032996],SIM,sim_activation,mobile SIM,medium,urgent,en,voice,voice_transcription,"{""product"": ""mobile SIM"", ""time_reference"": ""after work"", ""channel"": ""voice_transcription""}",Product=mobile SIM; intent=sim_activation; issue=SIM activation issue; channel=voice_transcription; interaction=voice,Not stated,My new SIM has not activated. The issue happens repeatedly. Please help me identify what to do next. [synthetic case 032996] | SIM | sim_activation | mobile SIM | Not stated,"Verify the SIM activation request, complete the approved activation process, and restart the device after activation if required.",1,resolved,sufficient,0.84,KB-026,knowledge_base,solved,verified_template,trusted,none,no,12/08/26,synthetic_controlled_generation,synthetic_support_ticket
TELCO-046136,SYN-TKT-046136,SYN-CUST-06136,development,My new SIM has not activated. The issue happens repeatedly. Please help me identify what to do next. [synthetic case 046136],SIM,sim_activation,mobile SIM,medium,urgent,en,voice,voice_transcription,"{""product"": ""mobile SIM"", ""time_reference"": ""since this morning"", ""channel"": ""voice_transcription""}",Product=mobile SIM; intent=sim_activation; issue=SIM activation issue; channel=voice_transcription; interaction=voice,Not stated,My new SIM has not activated. The issue happens repeatedly. Please help me identify what to do next. [synthetic case 046136] | SIM | sim_activation | mobile SIM | Not stated,"Verify the SIM activation request, complete the approved activation process, and restart the device after activation if required.",1,resolved,sufficient,0.84,KB-026,knowledge_base,solved,verified_template,trusted,none,no,20/08/26,synthetic_controlled_generation,synthetic_support_ticket
TELCO-016406,SYN-TKT-016406,SYN-CUST-06406,development,My new SIM has not activated. The issue happens repeatedly. Can you help me with the troubleshooting process? [synthetic case 016406],SIM,sim_activation,mobile SIM,medium,neutral,en,voice,mobile_app,"{""product"": ""mobile SIM"", ""time_reference"": ""for the last two days"", ""channel"": ""mobile_app""}",Product=mobile SIM; intent=sim_activation; issue=SIM activation issue; channel=mobile_app; interaction=voice,Not stated,My new SIM has not activated. The issue happens repeatedly. Can you help me with the troubleshooting process? [synthetic case 016406] | SIM | sim_activation | mobile SIM | Not stated,"Verify the SIM activation request, complete the approved activation process, and restart the device after activation if required.",1,resolved,sufficient,0.84,KB-026,knowledge_base,solved,verified_template,trusted,none,no,26/02/26,synthetic_controlled_generation,synthetic_support_ticket
TELCO-047246,SYN-TKT-047246,SYN-CUST-07246,development,My new SIM has not activated. The issue happens repeatedly. Can you help me with the troubleshooting process? [synthetic case 047246],SIM,sim_activation,mobile SIM,medium,neutral,en,voice,mobile_app,"{""product"": ""mobile SIM"", ""time_reference"": ""for the last two days"", ""channel"": ""mobile_app""}",Product=mobile SIM; intent=sim_activation; issue=SIM activation issue; channel=mobile_app; interaction=voice,Not stated,My new SIM has not activated. The issue happens repeatedly. Can you help me with the troubleshooting process? [synthetic case 047246] | SIM | sim_activation | mobile SIM | Not stated,"Verify the SIM activation request, complete the approved activation process, and restart the device after activation if required.",1,resolved,sufficient,0.84,KB-026,knowledge_base,solved,verified_template,trusted,none,no,10/02/26,synthetic_controlled_generation,synthetic_support_ticket
TELCO-039386,SYN-TKT-039386,SYN-CUST-09386,development,My new SIM has not activated. The issue happens repeatedly. Can you help me with the troubleshooting process? [synthetic case 039386],SIM,sim_activation,mobile SIM,medium,neutral,en,voice,mobile_app,"{""product"": ""mobile SIM"", ""time_reference"": ""for the past week"", ""channel"": ""mobile_app""}",Product=mobile SIM; intent=sim_activation; issue=SIM activation issue; channel=mobile_app; interaction=voice,Not stated,My new SIM has not activated. The issue happens repeatedly. Can you help me with the troubleshooting process? [synthetic case 039386] | SIM | sim_activation | mobile SIM | Not stated,"Verify the SIM activation request, complete the approved activation process, and restart the device after activation if required.",1,resolved,sufficient,0.84,KB-026,knowledge_base,solved,verified_template,trusted,none,no,18/02/26,synthetic_controlled_generation,synthetic_support_ticket
TELCO-020906,SYN-TKT-020906,SYN-CUST-00906,development,My new SIM has not activated. The issue happens repeatedly. Can you help me with the troubleshooting process? [synthetic case 020906],SIM,sim_activation,mobile SIM,medium,neutral,en,voice,mobile_app,"{""product"": ""mobile SIM"", ""time_reference"": ""for the past week"", ""channel"": ""mobile_app""}",Product=mobile SIM; intent=sim_activation; issue=SIM activation issue; channel=mobile_app; interaction=voice,Not stated,My new SIM has not activated. The issue happens repeatedly. Can you help me with the troubleshooting process? [synthetic case 020906] | SIM | sim_activation | mobile SIM | Not stated,"Verify the SIM activation request, complete the approved activation process, and restart the device after activation if required.",1,resolved,sufficient,0.84,KB-026,knowledge_base,solved,verified_template,trusted,none,no,18/02/26,synthetic_controlled_generation,synthetic_support_ticket
TELCO-006866,SYN-TKT-006866,SYN-CUST-06866,development,My new SIM has not activated. The issue happens repeatedly. Can you help me with the troubleshooting process? [synthetic case 006866],SIM,sim_activation,mobile SIM,medium,neutral,en,voice,mobile_app,"{""product"": ""mobile SIM"", ""time_reference"": ""for the past week"", ""channel"": ""mobile_app""}",Product=mobile SIM; intent=sim_activation; issue=SIM activation issue; channel=mobile_app; interaction=voice,Not stated,My new SIM has not activated. The issue happens repeatedly. Can you help me with the troubleshooting process? [synthetic case 006866] | SIM | sim_activation | mobile SIM | Not stated,"Verify the SIM activation request, complete the approved activation process, and restart the device after activation if required.",1,resolved,sufficient,0.84,KB-026,knowledge_base,solved,verified_template,trusted,none,no,06/02/26,synthetic_controlled_generation,synthetic_support_ticket
TELCO-018056,SYN-TKT-018056,SYN-CUST-08056,development,My new SIM has not activated. The issue happens repeatedly. Please help me identify what to do next. [synthetic case 018056],SIM,sim_activation,mobile SIM,medium,urgent,en,voice,voice_transcription,"{""product"": ""mobile SIM"", ""time_reference"": ""since this morning"", ""channel"": ""voice_transcription""}",Product=mobile SIM; intent=sim_activation; issue=SIM activation issue; channel=voice_transcription; interaction=voice,Not stated,My new SIM has not activated. The issue happens repeatedly. Please help me identify what to do next. [synthetic case 018056] | SIM | sim_activation | mobile SIM | Not stated,"Verify the SIM activation request, complete the approved activation process, and restart the device after activation if required.",1,resolved,sufficient,0.84,KB-026,knowledge_base,solved,verified_template,trusted,none,no,24/08/26,synthetic_controlled_generation,synthetic_support_ticket
TELCO-026726,SYN-TKT-026726,SYN-CUST-06726,development,My new SIM has not activated. The issue happens repeatedly. Can you help me with the troubleshooting process? [synthetic case 026726],SIM,sim_activation,mobile SIM,medium,neutral,en,voice,mobile_app,"{""product"": ""mobile SIM"", ""time_reference"": ""for the last two days"", ""channel"": ""mobile_app""}",Product=mobile SIM; intent=sim_activation; issue=SIM activation issue; channel=mobile_app; interaction=voice,Not stated,My new SIM has not activated. The issue happens repeatedly. Can you help me with the troubleshooting process? [synthetic case 026726] | SIM | sim_activation | mobile SIM | Not stated,"Verify the SIM activation request, complete the approved activation process, and restart the device after activation if required.",1,resolved,sufficient,0.84,KB-026,knowledge_base,solved,verified_template,trusted,none,no,14/02/26,synthetic_controlled_generation,synthetic_support_ticket
TELCO-009718,SYN-TKT-009718,SYN-CUST-09718,development,My phone does not detect the SIM. The issue has continued despite basic checks. I have already checked the basic settings. [synthetic case 009718],SIM,sim_not_detected,SIM,medium,neutral,en,guided,mobile_app,"{""product"": ""SIM"", ""time_reference"": ""for the last two days"", ""channel"": ""mobile_app""}",Product=SIM; intent=sim_not_detected; issue=SIM is not detected; channel=mobile_app; interaction=guided,Not stated,My phone does not detect the SIM. The issue has continued despite basic checks. I have already checked the basic settings. [synthetic case 009718] | SIM | sim_not_detected | SIM | Not stated,"Power off the device, reseat the SIM if appropriate, restart the device, and test detection again; escalate if the SIM remains undetected.",1,resolved,sufficient,0.84,KB-028,knowledge_base,solved,verified_template,trusted,none,no,02/10/26,synthetic_controlled_generation,synthetic_support_ticket
TELCO-027898,SYN-TKT-027898,SYN-CUST-07898,development,My phone does not detect the SIM. The issue has continued despite basic checks. I have already checked the basic settings. [synthetic case 027898],SIM,sim_not_detected,SIM,medium,neutral,en,guided,mobile_app,"{""product"": ""SIM"", ""time_reference"": ""for the past week"", ""channel"": ""mobile_app""}",Product=SIM; intent=sim_not_detected; issue=SIM is not detected; channel=mobile_app; interaction=guided,Not stated,My phone does not detect the SIM. The issue has continued despite basic checks. I have already checked the basic settings. [synthetic case 027898] | SIM | sim_not_detected | SIM | Not stated,"Power off the device, reseat the SIM if appropriate, restart the device, and test detection again; escalate if the SIM remains undetected.",1,resolved,sufficient,0.84,KB-028,knowledge_base,solved,verified_template,trusted,none,no,10/10/26,synthetic_controlled_generation,synthetic_support_ticket
TELCO-000208,SYN-TKT-000208,SYN-CUST-00208,development,My phone does not detect the SIM. The issue has continued despite basic checks. Please tell me the approved next step. [synthetic case 000208],SIM,sim_not_detected,SIM,medium,urgent,en,guided,voice_transcription,"{""product"": ""SIM"", ""time_reference"": ""since this morning"", ""channel"": ""voice_transcription""}",Product=SIM; intent=sim_not_detected; issue=SIM is not detected; channel=voice_transcription; interaction=guided,Not stated,My phone does not detect the SIM. The issue has continued despite basic checks. Please tell me the approved next step. [synthetic case 000208] | SIM | sim_not_detected | SIM | Not stated,"Power off the device, reseat the SIM if appropriate, restart the device, and test detection again; escalate if the SIM remains undetected.",1,resolved,sufficient,0.84,KB-028,knowledge_base,solved,verified_template,trusted,none,no,12/04/26,synthetic_controlled_generation,synthetic_support_ticket
TELCO-058618,SYN-TKT-058618,SYN-CUST-08618,development,My phone does not detect the SIM. The issue has continued despite basic checks. I have already checked the basic settings. [synthetic case 058618],SIM,sim_not_detected,SIM,medium,neutral,en,guided,mobile_app,"{""product"": ""SIM"", ""time_reference"": ""for the past week"", ""channel"": ""mobile_app""}",Product=SIM; intent=sim_not_detected; issue=SIM is not detected; channel=mobile_app; interaction=guided,Not stated,My phone does not detect the SIM. The issue has continued despite basic checks. I have already checked the basic settings. [synthetic case 058618] | SIM | sim_not_detected | SIM | Not stated,"Power off the device, reseat the SIM if appropriate, restart the device, and test detection again; escalate if the SIM remains undetected.",1,resolved,sufficient,0.84,KB-028,knowledge_base,solved,verified_template,trusted,none,no,14/10/26,synthetic_controlled_generation,synthetic_support_ticket
TELCO-044368,SYN-TKT-044368,SYN-CUST-04368,development,My phone does not detect the SIM. The issue has continued despite basic checks. Please tell me the approved next step. [synthetic case 044368],SIM,sim_not_detected,SIM,medium,urgent,en,guided,voice_transcription,"{""product"": ""SIM"", ""time_reference"": ""since this morning"", ""channel"": ""voice_transcription""}",Product=SIM; intent=sim_not_detected; issue=SIM is not detected; channel=voice_transcription; interaction=guided,Not stated,My phone does not detect the SIM. The issue has continued despite basic checks. Please tell me the approved next step. [synthetic case 044368] | SIM | sim_not_detected | SIM | Not stated,"Power off the device, reseat the SIM if appropriate, restart the device, and test detection again; escalate if the SIM remains undetected.",1,resolved,sufficient,0.84,KB-028,knowledge_base,solved,verified_template,trusted,none,no,16/04/26,synthetic_controlled_generation,synthetic_support_ticket
TELCO-053818,SYN-TKT-053818,SYN-CUST-03818,development,My phone does not detect the SIM. The issue has continued despite basic checks. I have already checked the basic settings. [synthetic case 053818],SIM,sim_not_detected,SIM,medium,neutral,en,guided,mobile_app,"{""product"": ""SIM"", ""time_reference"": ""for the past week"", ""channel"": ""mobile_app""}",Product=SIM; intent=sim_not_detected; issue=SIM is not detected; channel=mobile_app; interaction=guided,Not stated,My phone does not detect the SIM. The issue has continued despite basic checks. I have already checked the basic settings. [synthetic case 053818] | SIM | sim_not_detected | SIM | Not stated,"Power off the device, reseat the SIM if appropriate, restart the device, and test detection again; escalate if the SIM remains undetected.",1,resolved,sufficient,0.84,KB-028,knowledge_base,solved,verified_template,trusted,none,no,02/10/26,synthetic_controlled_generation,synthetic_support_ticket
TELCO-044218,SYN-TKT-044218,SYN-CUST-04218,development,My phone does not detect the SIM. The issue has continued despite basic checks. I have already checked the basic settings. [synthetic case 044218],SIM,sim_not_detected,SIM,medium,neutral,en,guided,mobile_app,"{""product"": ""SIM"", ""time_reference"": ""for the past week"", ""channel"": ""mobile_app""}",Product=SIM; intent=sim_not_detected; issue=SIM is not detected; channel=mobile_app; interaction=guided,Not stated,My phone does not detect the SIM. The issue has continued despite basic checks. I have already checked the basic settings. [synthetic case 044218] | SIM | sim_not_detected | SIM | Not stated,"Power off the device, reseat the SIM if appropriate, restart the device, and test detection again; escalate if the SIM remains undetected.",1,resolved,sufficient,0.84,KB-028,knowledge_base,solved,verified_template,trusted,none,no,06/10/26,synthetic_controlled_generation,synthetic_support_ticket
TELCO-016198,SYN-TKT-016198,SYN-CUST-06198,development,My phone does not detect the SIM. The issue has continued despite basic checks. I have already checked the basic settings. [synthetic case 016198],SIM,sim_not_detected,SIM,medium,neutral,en,guided,mobile_app,"{""product"": ""SIM"", ""time_reference"": ""for the last two days"", ""channel"": ""mobile_app""}",Product=SIM; intent=sim_not_detected; issue=SIM is not detected; channel=mobile_app; interaction=guided,Not stated,My phone does not detect the SIM. The issue has continued despite basic checks. I have already checked the basic settings. [synthetic case 016198] | SIM | sim_not_detected | SIM | Not stated,"Power off the device, reseat the SIM if appropriate, restart the device, and test detection again; escalate if the SIM remains undetected.",1,resolved,sufficient,0.84,KB-028,knowledge_base,solved,verified_template,trusted,none,no,14/10/26,synthetic_controlled_generation,synthetic_support_ticket
TELCO-059728,SYN-TKT-059728,SYN-CUST-09728,development,My phone does not detect the SIM. The issue has continued despite basic checks. Please tell me the approved next step. [synthetic case 059728],SIM,sim_not_detected,SIM,medium,urgent,en,guided,voice_transcription,"{""product"": ""SIM"", ""time_reference"": ""since this morning"", ""channel"": ""voice_transcription""}",Product=SIM; intent=sim_not_detected; issue=SIM is not detected; channel=voice_transcription; interaction=guided,Not stated,My phone does not detect the SIM. The issue has continued despite basic checks. Please tell me the approved next step. [synthetic case 059728] | SIM | sim_not_detected | SIM | Not stated,"Power off the device, reseat the SIM if appropriate, restart the device, and test detection again; escalate if the SIM remains undetected.",1,resolved,sufficient,0.84,KB-028,knowledge_base,solved,verified_template,trusted,none,no,04/04/26,synthetic_controlled_generation,synthetic_support_ticket
TELCO-030778,SYN-TKT-030778,SYN-CUST-00778,development,My phone does not detect the SIM. The issue has continued despite basic checks. I have already checked the basic settings. [synthetic case 030778],SIM,sim_not_detected,SIM,medium,neutral,en,guided,mobile_app,"{""product"": ""SIM"", ""time_reference"": ""for the past week"", ""channel"": ""mobile_app""}",Product=SIM; intent=sim_not_detected; issue=SIM is not detected; channel=mobile_app; interaction=guided,Not stated,My phone does not detect the SIM. The issue has continued despite basic checks. I have already checked the basic settings. [synthetic case 030778] | SIM | sim_not_detected | SIM | Not stated,"Power off the device, reseat the SIM if appropriate, restart the device, and test detection again; escalate if the SIM remains undetected.",1,resolved,sufficient,0.84,KB-028,knowledge_base,solved,verified_template,trusted,none,no,06/10/26,synthetic_controlled_generation,synthetic_support_ticket
TELCO-046827,SYN-TKT-046827,SYN-CUST-06827,development,I need a replacement SIM. The issue affects normal service use. I need assistance resolving this issue. [synthetic case 046827],SIM,sim_replacement,eSIM,medium,frustrated,en,free_text,agent_console,"{""product"": ""eSIM"", ""time_reference"": ""intermittently"", ""channel"": ""agent_console""}",Product=eSIM; intent=sim_replacement; issue=SIM replacement request; channel=agent_console; interaction=free_text,Not stated,I need a replacement SIM. The issue affects normal service use. I need assistance resolving this issue. [synthetic case 046827] | SIM | sim_replacement | eSIM | Not stated,"Verify the account and replacement eligibility through the approved process, then create the replacement request if eligible.",1,resolved,sufficient,0.84,KB-027,knowledge_base,solved,verified_template,trusted,none,no,11/03/26,synthetic_controlled_generation,synthetic_support_ticket
TELCO-010977,SYN-TKT-010977,SYN-CUST-00977,development,I need a replacement SIM. The issue affects normal service use. I would like to troubleshoot this. [synthetic case 010977],SIM,sim_replacement,eSIM,medium,negative,en,free_text,web,"{""product"": ""eSIM"", ""time_reference"": ""today"", ""channel"": ""web""}",Product=eSIM; intent=sim_replacement; issue=SIM replacement request; channel=web; interaction=free_text,Not stated,I need a replacement SIM. The issue affects normal service use. I would like to troubleshoot this. [synthetic case 010977] | SIM | sim_replacement | eSIM | Not stated,"Verify the account and replacement eligibility through the approved process, then create the replacement request if eligible.",1,resolved,sufficient,0.84,KB-027,knowledge_base,solved,verified_template,trusted,none,no,01/09/26,synthetic_controlled_generation,synthetic_support_ticket
TELCO-031197,SYN-TKT-031197,SYN-CUST-01197,development,I need a replacement SIM. The issue affects normal service use. I would like to troubleshoot this. [synthetic case 031197],SIM,sim_replacement,eSIM,medium,negative,en,free_text,web,"{""product"": ""eSIM"", ""time_reference"": ""during the evening"", ""channel"": ""web""}",Product=eSIM; intent=sim_replacement; issue=SIM replacement request; channel=web; interaction=free_text,Not stated,I need a replacement SIM. The issue affects normal service use. I would like to troubleshoot this. [synthetic case 031197] | SIM | sim_replacement | eSIM | Not stated,"Verify the account and replacement eligibility through the approved process, then create the replacement request if eligible.",1,resolved,sufficient,0.84,KB-027,knowledge_base,solved,verified_template,trusted,none,no,05/09/26,synthetic_controlled_generation,synthetic_support_ticket
TELCO-056097,SYN-TKT-056097,SYN-CUST-06097,development,I need a replacement SIM. The issue affects normal service use. I would like to troubleshoot this. [synthetic case 056097],SIM,sim_replacement,eSIM,medium,negative,en,free_text,web,"{""product"": ""eSIM"", ""time_reference"": ""today"", ""channel"": ""web""}",Product=eSIM; intent=sim_replacement; issue=SIM replacement request; channel=web; interaction=free_text,Not stated,I need a replacement SIM. The issue affects normal service use. I would like to troubleshoot this. [synthetic case 056097] | SIM | sim_replacement | eSIM | Not stated,"Verify the account and replacement eligibility through the approved process, then create the replacement request if eligible.",1,resolved,sufficient,0.84,KB-027,knowledge_base,solved,verified_template,trusted,none,no,13/09/26,synthetic_controlled_generation,synthetic_support_ticket
TELCO-006537,SYN-TKT-006537,SYN-CUST-06537,development,I need a replacement SIM. The issue affects normal service use. I would like to troubleshoot this. [synthetic case 006537],SIM,sim_replacement,eSIM,medium,negative,en,free_text,web,"{""product"": ""eSIM"", ""time_reference"": ""today"", ""channel"": ""web""}",Product=eSIM; intent=sim_replacement; issue=SIM replacement request; channel=web; interaction=free_text,Not stated,I need a replacement SIM. The issue affects normal service use. I would like to troubleshoot this. [synthetic case 006537] | SIM | sim_replacement | eSIM | Not stated,"Verify the account and replacement eligibility through the approved process, then create the replacement request if eligible.",1,resolved,sufficient,0.84,KB-027,knowledge_base,solved,verified_template,trusted,none,no,13/09/26,synthetic_controlled_generation,synthetic_support_ticket
TELCO-053487,SYN-TKT-053487,SYN-CUST-03487,development,I need a replacement SIM. The issue affects normal service use. I need assistance resolving this issue. [synthetic case 053487],SIM,sim_replacement,eSIM,medium,frustrated,en,free_text,agent_console,"{""product"": ""eSIM"", ""time_reference"": ""since yesterday"", ""channel"": ""agent_console""}",Product=eSIM; intent=sim_replacement; issue=SIM replacement request; channel=agent_console; interaction=free_text,Not stated,I need a replacement SIM. The issue affects normal service use. I need assistance resolving this issue. [synthetic case 053487] | SIM | sim_replacement | eSIM | Not stated,"Verify the account and replacement eligibility through the approved process, then create the replacement request if eligible.",1,resolved,sufficient,0.84,KB-027,knowledge_base,solved,verified_template,trusted,none,no,07/03/26,synthetic_controlled_generation,synthetic_support_ticket
TELCO-038427,SYN-TKT-038427,SYN-CUST-08427,development,I need a replacement SIM. The issue affects normal service use. I need assistance resolving this issue. [synthetic case 038427],SIM,sim_replacement,eSIM,medium,frustrated,en,free_text,agent_console,"{""product"": ""eSIM"", ""time_reference"": ""intermittently"", ""channel"": ""agent_console""}",Product=eSIM; intent=sim_replacement; issue=SIM replacement request; channel=agent_console; interaction=free_text,Not stated,I need a replacement SIM. The issue affects normal service use. I need assistance resolving this issue. [synthetic case 038427] | SIM | sim_replacement | eSIM | Not stated,"Verify the account and replacement eligibility through the approved process, then create the replacement request if eligible.",1,resolved,sufficient,0.84,KB-027,knowledge_base,solved,verified_template,trusted,none,no,11/03/26,synthetic_controlled_generation,synthetic_support_ticket
TELCO-018357,SYN-TKT-018357,SYN-CUST-08357,development,I need a replacement SIM. The issue affects normal service use. I would like to troubleshoot this. [synthetic case 018357],SIM,sim_replacement,eSIM,medium,negative,en,free_text,web,"{""product"": ""eSIM"", ""time_reference"": ""during the evening"", ""channel"": ""web""}",Product=eSIM; intent=sim_replacement; issue=SIM replacement request; channel=web; interaction=free_text,Not stated,I need a replacement SIM. The issue affects normal service use. I would like to troubleshoot this. [synthetic case 018357] | SIM | sim_replacement | eSIM | Not stated,"Verify the account and replacement eligibility through the approved process, then create the replacement request if eligible.",1,resolved,sufficient,0.84,KB-027,knowledge_base,solved,verified_template,trusted,none,no,17/09/26,synthetic_controlled_generation,synthetic_support_ticket
TELCO-051717,SYN-TKT-051717,SYN-CUST-01717,development,I need a replacement SIM. The issue affects normal service use. I would like to troubleshoot this. [synthetic case 051717],SIM,sim_replacement,eSIM,medium,negative,en,free_text,web,"{""product"": ""eSIM"", ""time_reference"": ""during the evening"", ""channel"": ""web""}",Product=eSIM; intent=sim_replacement; issue=SIM replacement request; channel=web; interaction=free_text,Not stated,I need a replacement SIM. The issue affects normal service use. I would like to troubleshoot this. [synthetic case 051717] | SIM | sim_replacement | eSIM | Not stated,"Verify the account and replacement eligibility through the approved process, then create the replacement request if eligible.",1,resolved,sufficient,0.84,KB-027,knowledge_base,solved,verified_template,trusted,none,no,01/09/26,synthetic_controlled_generation,synthetic_support_ticket
TELCO-039267,SYN-TKT-039267,SYN-CUST-09267,development,I need a replacement SIM. The issue affects normal service use. I need assistance resolving this issue. [synthetic case 039267],SIM,sim_replacement,eSIM,medium,frustrated,en,free_text,agent_console,"{""product"": ""eSIM"", ""time_reference"": ""intermittently"", ""channel"": ""agent_console""}",Product=eSIM; intent=sim_replacement; issue=SIM replacement request; channel=agent_console; interaction=free_text,Not stated,I need a replacement SIM. The issue affects normal service use. I need assistance resolving this issue. [synthetic case 039267] | SIM | sim_replacement | eSIM | Not stated,"Verify the account and replacement eligibility through the approved process, then create the replacement request if eligible.",1,resolved,sufficient,0.84,KB-027,knowledge_base,solved,verified_template,trusted,none,no,11/03/26,synthetic_controlled_generation,synthetic_support_ticket
TELCO-031176,SYN-TKT-031176,SYN-CUST-01176,development,I am not receiving SMS messages since this morning. The issue happens repeatedly. Please guide me through the next step. [synthetic case 031176],CONNECTIVITY,sms_not_received,mobile data,medium,urgent,en,free_text,voice_transcription,"{""product"": ""mobile data"", ""time_reference"": ""since this morning"", ""channel"": ""voice_transcription""}",Product=mobile data; intent=sms_not_received; issue=SMS is not received; channel=voice_transcription; interaction=free_text,Not stated,I am not receiving SMS messages since this morning. The issue happens repeatedly. Please guide me through the next step. [synthetic case 031176] | CONNECTIVITY | sms_not_received | mobile data | Not stated,"Restart the device, verify that network service is available, test another message, and record whether incoming or outgoing SMS is affected.",1,resolved,sufficient,0.84,KB-006,knowledge_base,solved,verified_template,trusted,none,no,12/12/26,synthetic_controlled_generation,synthetic_support_ticket
TELCO-037416,SYN-TKT-037416,SYN-CUST-07416,development,I am not receiving SMS messages since this morning. The issue happens repeatedly. Please guide me through the next step. [synthetic case 037416],CONNECTIVITY,sms_not_received,mobile data,medium,urgent,en,free_text,voice_transcription,"{""product"": ""mobile data"", ""time_reference"": ""since this morning"", ""channel"": ""voice_transcription""}",Product=mobile data; intent=sms_not_received; issue=SMS is not received; channel=voice_transcription; interaction=free_text,Not stated,I am not receiving SMS messages since this morning. The issue happens repeatedly. Please guide me through the next step. [synthetic case 037416] | CONNECTIVITY | sms_not_received | mobile data | Not stated,"Restart the device, verify that network service is available, test another message, and record whether incoming or outgoing SMS is affected.",1,resolved,sufficient,0.84,KB-006,knowledge_base,solved,verified_template,trusted,none,no,08/12/26,synthetic_controlled_generation,synthetic_support_ticket
TELCO-012216,SYN-TKT-012216,SYN-CUST-02216,development,I am not receiving SMS messages since this morning. The issue happens repeatedly. Please guide me through the next step. [synthetic case 012216],CONNECTIVITY,sms_not_received,mobile data,medium,urgent,en,free_text,voice_transcription,"{""product"": ""mobile data"", ""time_reference"": ""since this morning"", ""channel"": ""voice_transcription""}",Product=mobile data; intent=sms_not_received; issue=SMS is not received; channel=voice_transcription; interaction=free_text,Not stated,I am not receiving SMS messages since this morning. The issue happens repeatedly. Please guide me through the next step. [synthetic case 012216] | CONNECTIVITY | sms_not_received | mobile data | Not stated,"Restart the device, verify that network service is available, test another message, and record whether incoming or outgoing SMS is affected.",1,resolved,sufficient,0.84,KB-006,knowledge_base,solved,verified_template,trusted,none,no,08/12/26,synthetic_controlled_generation,synthetic_support_ticket
TELCO-009396,SYN-TKT-009396,SYN-CUST-09396,development,I am not receiving SMS messages after work. The issue happens repeatedly. Please guide me through the next step. [synthetic case 009396],CONNECTIVITY,sms_not_received,mobile data,medium,urgent,en,free_text,voice_transcription,"{""product"": ""mobile data"", ""time_reference"": ""after work"", ""channel"": ""voice_transcription""}",Product=mobile data; intent=sms_not_received; issue=SMS is not received; channel=voice_transcription; interaction=free_text,Not stated,I am not receiving SMS messages after work. The issue happens repeatedly. Please guide me through the next step. [synthetic case 009396] | CONNECTIVITY | sms_not_received | mobile data | Not stated,"Restart the device, verify that network service is available, test another message, and record whether incoming or outgoing SMS is affected.",1,resolved,sufficient,0.84,KB-006,knowledge_base,solved,verified_template,trusted,none,no,16/12/26,synthetic_controlled_generation,synthetic_support_ticket
TELCO-022956,SYN-TKT-022956,SYN-CUST-02956,development,I am not receiving SMS messages after work. The issue happens repeatedly. Please guide me through the next step. [synthetic case 022956],CONNECTIVITY,sms_not_received,mobile data,medium,urgent,en,free_text,voice_transcription,"{""product"": ""mobile data"", ""time_reference"": ""after work"", ""channel"": ""voice_transcription""}",Product=mobile data; intent=sms_not_received; issue=SMS is not received; channel=voice_transcription; interaction=free_text,Not stated,I am not receiving SMS messages after work. The issue happens repeatedly. Please guide me through the next step. [synthetic case 022956] | CONNECTIVITY | sms_not_received | mobile data | Not stated,"Restart the device, verify that network service is available, test another message, and record whether incoming or outgoing SMS is affected.",1,resolved,sufficient,0.84,KB-006,knowledge_base,solved,verified_template,trusted,none,no,24/12/26,synthetic_controlled_generation,synthetic_support_ticket
TELCO-046836,SYN-TKT-046836,SYN-CUST-06836,development,I am not receiving SMS messages after work. The issue happens repeatedly. Please guide me through the next step. [synthetic case 046836],CONNECTIVITY,sms_not_received,mobile data,medium,urgent,en,free_text,voice_transcription,"{""product"": ""mobile data"", ""time_reference"": ""after work"", ""channel"": ""voice_transcription""}",Product=mobile data; intent=sms_not_received; issue=SMS is not received; channel=voice_transcription; interaction=free_text,Not stated,I am not receiving SMS messages after work. The issue happens repeatedly. Please guide me through the next step. [synthetic case 046836] | CONNECTIVITY | sms_not_received | mobile data | Not stated,"Restart the device, verify that network service is available, test another message, and record whether incoming or outgoing SMS is affected.",1,resolved,sufficient,0.84,KB-006,knowledge_base,solved,verified_template,trusted,none,no,20/12/26,synthetic_controlled_generation,synthetic_support_ticket
TELCO-009906,SYN-TKT-009906,SYN-CUST-09906,development,I am not receiving SMS messages for the past week. The issue happens repeatedly. The issue is still present after basic checks. [synthetic case 009906],CONNECTIVITY,sms_not_received,mobile data,medium,neutral,en,free_text,mobile_app,"{""product"": ""mobile data"", ""time_reference"": ""for the past week"", ""channel"": ""mobile_app""}",Product=mobile data; intent=sms_not_received; issue=SMS is not received; channel=mobile_app; interaction=free_text,Not stated,I am not receiving SMS messages for the past week. The issue happens repeatedly. The issue is still present after basic checks. [synthetic case 009906] | CONNECTIVITY | sms_not_received | mobile data | Not stated,"Restart the device, verify that network service is available, test another message, and record whether incoming or outgoing SMS is affected.",1,resolved,sufficient,0.84,KB-006,knowledge_base,solved,verified_template,trusted,none,no,22/06/26,synthetic_controlled_generation,synthetic_support_ticket
TELCO-033126,SYN-TKT-033126,SYN-CUST-03126,development,I am not receiving SMS messages for the last two days. The issue happens repeatedly. The issue is still present after basic checks. [synthetic case 033126],CONNECTIVITY,sms_not_received,mobile data,medium,neutral,en,free_text,mobile_app,"{""product"": ""mobile data"", ""time_reference"": ""for the last two days"", ""channel"": ""mobile_app""}",Product=mobile data; intent=sms_not_received; issue=SMS is not received; channel=mobile_app; interaction=free_text,Not stated,I am not receiving SMS messages for the last two days. The issue happens repeatedly. The issue is still present after basic checks. [synthetic case 033126] | CONNECTIVITY | sms_not_received | mobile data | Not stated,"Restart the device, verify that network service is available, test another message, and record whether incoming or outgoing SMS is affected.",1,resolved,sufficient,0.84,KB-006,knowledge_base,solved,verified_template,trusted,none,no,02/06/26,synthetic_controlled_generation,synthetic_support_ticket
TELCO-058566,SYN-TKT-058566,SYN-CUST-08566,development,I am not receiving SMS messages for the last two days. The issue happens repeatedly. The issue is still present after basic checks. [synthetic case 058566],CONNECTIVITY,sms_not_received,mobile data,medium,neutral,en,free_text,mobile_app,"{""product"": ""mobile data"", ""time_reference"": ""for the last two days"", ""channel"": ""mobile_app""}",Product=mobile data; intent=sms_not_received; issue=SMS is not received; channel=mobile_app; interaction=free_text,Not stated,I am not receiving SMS messages for the last two days. The issue happens repeatedly. The issue is still present after basic checks. [synthetic case 058566] | CONNECTIVITY | sms_not_received | mobile data | Not stated,"Restart the device, verify that network service is available, test another message, and record whether incoming or outgoing SMS is affected.",1,resolved,sufficient,0.84,KB-006,knowledge_base,solved,verified_template,trusted,none,no,18/06/26,synthetic_controlled_generation,synthetic_support_ticket
TELCO-047826,SYN-TKT-047826,SYN-CUST-07826,development,I am not receiving SMS messages for the past week. The issue happens repeatedly. The issue is still present after basic checks. [synthetic case 047826],CONNECTIVITY,sms_not_received,mobile data,medium,neutral,en,free_text,mobile_app,"{""product"": ""mobile data"", ""time_reference"": ""for the past week"", ""channel"": ""mobile_app""}",Product=mobile data; intent=sms_not_received; issue=SMS is not received; channel=mobile_app; interaction=free_text,Not stated,I am not receiving SMS messages for the past week. The issue happens repeatedly. The issue is still present after basic checks. [synthetic case 047826] | CONNECTIVITY | sms_not_received | mobile data | Not stated,"Restart the device, verify that network service is available, test another message, and record whether incoming or outgoing SMS is affected.",1,resolved,sufficient,0.84,KB-006,knowledge_base,solved,verified_template,trusted,none,no,02/06/26,synthetic_controlled_generation,synthetic_support_ticket
TELCO-056690,SYN-TKT-056690,SYN-CUST-06690,held_out_test,There is an unexpected charge on my bill. The issue is intermittent. Can you help me with the troubleshooting process? [synthetic case 056690],BILLING,unexpected_charge,account bill,medium,neutral,en,voice,mobile_app,"{""product"": ""account bill"", ""time_reference"": ""for the past week"", ""channel"": ""mobile_app""}",Product=account bill; intent=unexpected_charge; issue=Unexpected charge; channel=mobile_app; interaction=voice,Not stated,There is an unexpected charge on my bill. The issue is intermittent. Can you help me with the troubleshooting process? [synthetic case 056690] | BILLING | unexpected_charge | account bill | Not stated,"Review the bill line item and billing period, compare it with the account activity available to the customer, and route the charge for billing review if it remains unexplained.",1,resolved,sufficient,0.84,KB-020,knowledge_base,solved,verified_template,trusted,none,no,18/02/26,synthetic_controlled_generation,synthetic_support_ticket
TELCO-032600,SYN-TKT-032600,SYN-CUST-02600,held_out_test,There is an unexpected charge on my bill. The issue is intermittent. Please help me identify what to do next. [synthetic case 032600],BILLING,unexpected_charge,broadband bill,medium,urgent,en,voice,voice_transcription,"{""product"": ""broadband bill"", ""time_reference"": ""since this morning"", ""channel"": ""voice_transcription""}",Product=broadband bill; intent=unexpected_charge; issue=Unexpected charge; channel=voice_transcription; interaction=voice,Not stated,There is an unexpected charge on my bill. The issue is intermittent. Please help me identify what to do next. [synthetic case 032600] | BILLING | unexpected_charge | broadband bill | Not stated,"Review the bill line item and billing period, compare it with the account activity available to the customer, and route the charge for billing review if it remains unexplained.",1,resolved,sufficient,0.84,KB-020,knowledge_base,solved,verified_template,trusted,none,no,08/08/26,synthetic_controlled_generation,synthetic_support_ticket
TELCO-056442,SYN-TKT-056442,SYN-CUST-06442,development,Wi-Fi is not working on my devices for the past week. The issue affects normal service use. The issue is still present after basic checks. [synthetic case 056442],CONNECTIVITY,wifi_not_working,home internet,medium,neutral,en,free_text,mobile_app,"{""product"": ""home internet"", ""time_reference"": ""for the past week"", ""channel"": ""mobile_app""}",Product=home internet; intent=wifi_not_working; issue=Wi-Fi is not working; channel=mobile_app; interaction=free_text,Not stated,Wi-Fi is not working on my devices for the past week. The issue affects normal service use. The issue is still present after basic checks. [synthetic case 056442] | CONNECTIVITY | wifi_not_working | home internet | Not stated,"Check that Wi-Fi is enabled on the affected device, restart the router, retry from another device if available, and record whether the issue affects all devices.",1,resolved,sufficient,0.84,KB-012,knowledge_base,solved,verified_template,trusted,none,no,22/06/26,synthetic_controlled_generation,synthetic_support_ticket
TELCO-000042,SYN-TKT-000042,SYN-CUST-00042,development,Wi-Fi is not working on my devices for the past week. The issue affects normal service use. The issue is still present after basic checks. [synthetic case 000042],CONNECTIVITY,wifi_not_working,home internet,medium,neutral,en,free_text,mobile_app,"{""product"": ""home internet"", ""time_reference"": ""for the past week"", ""channel"": ""mobile_app""}",Product=home internet; intent=wifi_not_working; issue=Wi-Fi is not working; channel=mobile_app; interaction=free_text,Not stated,Wi-Fi is not working on my devices for the past week. The issue affects normal service use. The issue is still present after basic checks. [synthetic case 000042] | CONNECTIVITY | wifi_not_working | home internet | Not stated,"Check that Wi-Fi is enabled on the affected device, restart the router, retry from another device if available, and record whether the issue affects all devices.",1,resolved,sufficient,0.84,KB-012,knowledge_base,solved,verified_template,trusted,none,no,14/06/26,synthetic_controlled_generation,synthetic_support_ticket
TELCO-036792,SYN-TKT-036792,SYN-CUST-06792,development,Wi-Fi is not working on my devices since this morning. The issue affects normal service use. Please guide me through the next step. [synthetic case 036792],CONNECTIVITY,wifi_not_working,home internet,medium,urgent,en,free_text,voice_transcription,"{""product"": ""home internet"", ""time_reference"": ""since this morning"", ""channel"": ""voice_transcription""}",Product=home internet; intent=wifi_not_working; issue=Wi-Fi is not working; channel=voice_transcription; interaction=free_text,Not stated,Wi-Fi is not working on my devices since this morning. The issue affects normal service use. Please guide me through the next step. [synthetic case 036792] | CONNECTIVITY | wifi_not_working | home internet | Not stated,"Check that Wi-Fi is enabled on the affected device, restart the router, retry from another device if available, and record whether the issue affects all devices.",1,resolved,sufficient,0.84,KB-012,knowledge_base,solved,verified_template,trusted,none,no,28/12/26,synthetic_controlled_generation,synthetic_support_ticket
TELCO-019902,SYN-TKT-019902,SYN-CUST-09902,development,Wi-Fi is not working on my devices for the last two days. The issue affects normal service use. The issue is still present after basic checks. [synthetic case 019902],CONNECTIVITY,wifi_not_working,home internet,medium,neutral,en,free_text,mobile_app,"{""product"": ""home internet"", ""time_reference"": ""for the last two days"", ""channel"": ""mobile_app""}",Product=home internet; intent=wifi_not_working; issue=Wi-Fi is not working; channel=mobile_app; interaction=free_text,Not stated,Wi-Fi is not working on my devices for the last two days. The issue affects normal service use. The issue is still present after basic checks. [synthetic case 019902] | CONNECTIVITY | wifi_not_working | home internet | Not stated,"Check that Wi-Fi is enabled on the affected device, restart the router, retry from another device if available, and record whether the issue affects all devices.",1,resolved,sufficient,0.84,KB-012,knowledge_base,solved,verified_template,trusted,none,no,22/06/26,synthetic_controlled_generation,synthetic_support_ticket
TELCO-030012,SYN-TKT-030012,SYN-CUST-00012,development,Wi-Fi is not working on my devices after work. The issue affects normal service use. Please guide me through the next step. [synthetic case 030012],CONNECTIVITY,wifi_not_working,home internet,medium,urgent,en,free_text,voice_transcription,"{""product"": ""home internet"", ""time_reference"": ""after work"", ""channel"": ""voice_transcription""}",Product=home internet; intent=wifi_not_working; issue=Wi-Fi is not working; channel=voice_transcription; interaction=free_text,Not stated,Wi-Fi is not working on my devices after work. The issue affects normal service use. Please guide me through the next step. [synthetic case 030012] | CONNECTIVITY | wifi_not_working | home internet | Not stated,"Check that Wi-Fi is enabled on the affected device, restart the router, retry from another device if available, and record whether the issue affects all devices.",1,resolved,sufficient,0.84,KB-012,knowledge_base,solved,verified_template,trusted,none,no,24/12/26,synthetic_controlled_generation,synthetic_support_ticket
TELCO-001182,SYN-TKT-001182,SYN-CUST-01182,development,Wi-Fi is not working on my devices for the last two days. The issue affects normal service use. The issue is still present after basic checks. [synthetic case 001182],CONNECTIVITY,wifi_not_working,home internet,medium,neutral,en,free_text,mobile_app,"{""product"": ""home internet"", ""time_reference"": ""for the last two days"", ""channel"": ""mobile_app""}",Product=home internet; intent=wifi_not_working; issue=Wi-Fi is not working; channel=mobile_app; interaction=free_text,Not stated,Wi-Fi is not working on my devices for the last two days. The issue affects normal service use. The issue is still present after basic checks. [synthetic case 001182] | CONNECTIVITY | wifi_not_working | home internet | Not stated,"Check that Wi-Fi is enabled on the affected device, restart the router, retry from another device if available, and record whether the issue affects all devices.",1,resolved,sufficient,0.84,KB-012,knowledge_base,solved,verified_template,trusted,none,no,06/06/26,synthetic_controlled_generation,synthetic_support_ticket
TELCO-006882,SYN-TKT-006882,SYN-CUST-06882,development,Wi-Fi is not working on my devices for the past week. The issue affects normal service use. The issue is still present after basic checks. [synthetic case 006882],CONNECTIVITY,wifi_not_working,home internet,medium,neutral,en,free_text,mobile_app,"{""product"": ""home internet"", ""time_reference"": ""for the past week"", ""channel"": ""mobile_app""}",Product=home internet; intent=wifi_not_working; issue=Wi-Fi is not working; channel=mobile_app; interaction=free_text,Not stated,Wi-Fi is not working on my devices for the past week. The issue affects normal service use. The issue is still present after basic checks. [synthetic case 006882] | CONNECTIVITY | wifi_not_working | home internet | Not stated,"Check that Wi-Fi is enabled on the affected device, restart the router, retry from another device if available, and record whether the issue affects all devices.",1,resolved,sufficient,0.84,KB-012,knowledge_base,solved,verified_template,trusted,none,no,22/06/26,synthetic_controlled_generation,synthetic_support_ticket
TELCO-057072,SYN-TKT-057072,SYN-CUST-07072,development,Wi-Fi is not working on my devices since this morning. The issue affects normal service use. Please guide me through the next step. [synthetic case 057072],CONNECTIVITY,wifi_not_working,home internet,medium,urgent,en,free_text,voice_transcription,"{""product"": ""home internet"", ""time_reference"": ""since this morning"", ""channel"": ""voice_transcription""}",Product=home internet; intent=wifi_not_working; issue=Wi-Fi is not working; channel=voice_transcription; interaction=free_text,Not stated,Wi-Fi is not working on my devices since this morning. The issue affects normal service use. Please guide me through the next step. [synthetic case 057072] | CONNECTIVITY | wifi_not_working | home internet | Not stated,"Check that Wi-Fi is enabled on the affected device, restart the router, retry from another device if available, and record whether the issue affects all devices.",1,resolved,sufficient,0.84,KB-012,knowledge_base,solved,verified_template,trusted,none,no,08/12/26,synthetic_controlled_generation,synthetic_support_ticket
TELCO-022302,SYN-TKT-022302,SYN-CUST-02302,development,Wi-Fi is not working on my devices for the last two days. The issue affects normal service use. The issue is still present after basic checks. [synthetic case 022302],CONNECTIVITY,wifi_not_working,home internet,medium,neutral,en,free_text,mobile_app,"{""product"": ""home internet"", ""time_reference"": ""for the last two days"", ""channel"": ""mobile_app""}",Product=home internet; intent=wifi_not_working; issue=Wi-Fi is not working; channel=mobile_app; interaction=free_text,Not stated,Wi-Fi is not working on my devices for the last two days. The issue affects normal service use. The issue is still present after basic checks. [synthetic case 022302] | CONNECTIVITY | wifi_not_working | home internet | Not stated,"Check that Wi-Fi is enabled on the affected device, restart the router, retry from another device if available, and record whether the issue affects all devices.",1,resolved,sufficient,0.84,KB-012,knowledge_base,solved,verified_template,trusted,none,no,14/06/26,synthetic_controlled_generation,synthetic_support_ticket
TELCO-053982,SYN-TKT-053982,SYN-CUST-03982,development,Wi-Fi is not working on my devices for the last two days. The issue affects normal service use. The issue is still present after basic checks. [synthetic case 053982],CONNECTIVITY,wifi_not_working,home internet,medium,neutral,en,free_text,mobile_app,"{""product"": ""home internet"", ""time_reference"": ""for the last two days"", ""channel"": ""mobile_app""}",Product=home internet; intent=wifi_not_working; issue=Wi-Fi is not working; channel=mobile_app; interaction=free_text,Not stated,Wi-Fi is not working on my devices for the last two days. The issue affects normal service use. The issue is still present after basic checks. [synthetic case 053982] | CONNECTIVITY | wifi_not_working | home internet | Not stated,"Check that Wi-Fi is enabled on the affected device, restart the router, retry from another device if available, and record whether the issue affects all devices.",1,resolved,sufficient,0.84,KB-012,knowledge_base,solved,verified_template,trusted,none,no,26/06/26,synthetic_controlled_generation,synthetic_support_ticket
DEMO-000001,DEMO-TKT-000001,DEMO-CUST-00001,development,Customer reported recurring broadband disconnections during evening hours around 8 PM; router already restarted twice.,CONNECTIVITY,broadband_disconnects,broadband,high,frustrated,en,free_text,agent_console,"{""product"": ""broadband"", ""time_reference"": ""every evening"", ""channel"": ""agent_console""}",Product=broadband; intent=broadband_disconnects; issue=Fixed broadband connection drops intermittently; channel=agent_console; interaction=free_text,Router restarted twice,Customer reported recurring broadband disconnections during evening hours around 8 PM; router already restarted twice. | CONNECTIVITY | broadband_disconnects | broadband | Router restarted twice,"Recorded the evening drop pattern, confirmed the ONT status light changed during drops, skipped a repeat restart and requested a line test with the time pattern attached.",1,resolved,sufficient,0.84,KB-031,knowledge_base,solved,verified_template,trusted,none,no,02/02/26,synthetic_demo_authored,synthetic_support_ticket
DEMO-000002,DEMO-TKT-000002,DEMO-CUST-00002,development,"Broadband cuts out every night between 8 and 9 PM, customer works from home and needs a stable line.",CONNECTIVITY,broadband_disconnects,broadband,high,urgent,en,free_text,agent_console,"{""product"": ""broadband"", ""time_reference"": ""every night"", ""channel"": ""agent_console""}",Product=broadband; intent=broadband_disconnects; issue=Fixed broadband connection drops intermittently; channel=agent_console; interaction=free_text,Router restarted,"Broadband cuts out every night between 8 and 9 PM, customer works from home and needs a stable line. | CONNECTIVITY | broadband_disconnects | broadband | Router restarted","Collected the time pattern over three days, checked router/ONT indicators during a drop and escalated for a line test.",1,resolved,sufficient,0.84,KB-031,knowledge_base,solved,verified_template,trusted,none,no,03/03/26,synthetic_demo_authored,synthetic_support_ticket
DEMO-000003,DEMO-TKT-000003,DEMO-CUST-00003,development,Fibre connection drops several times a day and reconnects after a minute.,CONNECTIVITY,broadband_disconnects,broadband,medium,negative,en,free_text,agent_console,"{""product"": ""broadband"", ""time_reference"": ""several times a day"", ""channel"": ""agent_console""}",Product=broadband; intent=broadband_disconnects; issue=Fixed broadband connection drops intermittently; channel=agent_console; interaction=free_text,Not stated,Fibre connection drops several times a day and reconnects after a minute. | CONNECTIVITY | broadband_disconnects | broadband | Not stated,"Checked router/ONT status, restarted the equipment, observed further drops and recorded the time pattern for escalation.",1,resolved,sufficient,0.84,KB-010,knowledge_base,solved,verified_template,trusted,none,no,04/04/26,synthetic_demo_authored,synthetic_support_ticket
DEMO-000004,DEMO-TKT-000004,DEMO-CUST-00004,development,"Broadband becomes very slow every evening, video calls freeze.",CONNECTIVITY,broadband_slow,broadband,medium,frustrated,en,free_text,agent_console,"{""product"": ""broadband"", ""time_reference"": ""every evening"", ""channel"": ""agent_console""}",Product=broadband; intent=broadband_slow; issue=Fixed broadband performance is slower than expected; channel=agent_console; interaction=free_text,Not stated,"Broadband becomes very slow every evening, video calls freeze. | CONNECTIVITY | broadband_slow | broadband | Not stated","Restarted the router/ONT, compared speeds on wired and Wi-Fi devices and recorded the evening time pattern.",1,resolved,sufficient,0.84,KB-009,knowledge_base,solved,verified_template,trusted,none,no,05/05/26,synthetic_demo_authored,synthetic_support_ticket
DEMO-000005,DEMO-TKT-000005,DEMO-CUST-00005,development,"Home internet speed is slow only on the laptop, the phone is fine.",CONNECTIVITY,broadband_slow,broadband,low,neutral,en,free_text,agent_console,"{""product"": ""broadband"", ""time_reference"": ""today"", ""channel"": ""agent_console""}",Product=broadband; intent=broadband_slow; issue=Fixed broadband performance is slower than expected; channel=agent_console; interaction=free_text,Not stated,"Home internet speed is slow only on the laptop, the phone is fine. | CONNECTIVITY | broadband_slow | broadband | Not stated","Compared performance across devices, identified the issue was limited to one device and recorded the connection details.",1,resolved,sufficient,0.84,KB-009,knowledge_base,solved,verified_template,trusted,none,no,06/06/26,synthetic_demo_authored,synthetic_support_ticket
DEMO-000006,DEMO-TKT-000006,DEMO-CUST-00006,development,Wi-Fi does not reach the upstairs bedroom and keeps disconnecting there.,CONNECTIVITY,wifi_not_working,Wi-Fi,medium,negative,en,free_text,agent_console,"{""product"": ""Wi-Fi"", ""time_reference"": ""daily"", ""channel"": ""agent_console""}",Product=Wi-Fi; intent=wifi_not_working; issue=Home Wi-Fi unavailable or failing on devices; channel=agent_console; interaction=free_text,Not stated,Wi-Fi does not reach the upstairs bedroom and keeps disconnecting there. | CONNECTIVITY | wifi_not_working | Wi-Fi | Not stated,"Checked coverage near and far from the router, restarted the router and recorded affected rooms for escalation.",1,resolved,sufficient,0.84,KB-033,knowledge_base,solved,verified_template,trusted,none,no,07/07/26,synthetic_demo_authored,synthetic_support_ticket
DEMO-000007,DEMO-TKT-000007,DEMO-CUST-00007,development,None of the devices can see the home Wi-Fi network after a power cut.,CONNECTIVITY,wifi_not_working,Wi-Fi,high,urgent,en,free_text,agent_console,"{""product"": ""Wi-Fi"", ""time_reference"": ""since this morning"", ""channel"": ""agent_console""}",Product=Wi-Fi; intent=wifi_not_working; issue=Home Wi-Fi unavailable or failing on devices; channel=agent_console; interaction=free_text,Not stated,None of the devices can see the home Wi-Fi network after a power cut. | CONNECTIVITY | wifi_not_working | Wi-Fi | Not stated,"Confirmed Wi-Fi enabled on devices, restarted the router and verified that all devices could reconnect.",1,resolved,sufficient,0.84,KB-012,knowledge_base,solved,verified_template,trusted,none,no,08/08/26,synthetic_demo_authored,synthetic_support_ticket
DEMO-000008,DEMO-TKT-000008,DEMO-CUST-00008,development,"Customer restarted the router but the connection problem remains, router shows a red light.",CONNECTIVITY,router_restart_issue,router,high,frustrated,en,free_text,agent_console,"{""product"": ""router"", ""time_reference"": ""today"", ""channel"": ""agent_console""}","Product=router; intent=router_restart_issue; issue=Problem persists after a router restart, or router restarts unexpectedly; channel=agent_console; interaction=free_text",Router restarted,"Customer restarted the router but the connection problem remains, router shows a red light. | CONNECTIVITY | router_restart_issue | router | Router restarted","Confirmed the restart completed, checked physical links and escalated with the red status indicator.",1,resolved,sufficient,0.84,KB-013,knowledge_base,solved,verified_template,trusted,none,no,09/09/26,synthetic_demo_authored,synthetic_support_ticket
DEMO-000009,DEMO-TKT-000009,DEMO-CUST-00009,development,Mobile data is very slow in the city centre but fine at home.,CONNECTIVITY,mobile_data_slow,mobile data,medium,negative,en,free_text,agent_console,"{""product"": ""mobile data"", ""time_reference"": ""daily"", ""channel"": ""agent_console""}",Product=mobile data; intent=mobile_data_slow; issue=Mobile data performance is slow; channel=agent_console; interaction=free_text,Not stated,Mobile data is very slow in the city centre but fine at home. | CONNECTIVITY | mobile_data_slow | mobile data | Not stated,"Checked signal availability by location, restarted the device and collected location details.",1,resolved,sufficient,0.84,KB-002,knowledge_base,solved,verified_template,trusted,none,no,10/01/26,synthetic_demo_authored,synthetic_support_ticket
DEMO-000010,DEMO-TKT-000010,DEMO-CUST-00010,development,Phone shows no service inside the office building.,CONNECTIVITY,no_signal,mobile network,high,frustrated,en,free_text,agent_console,"{""product"": ""mobile network"", ""time_reference"": ""every weekday"", ""channel"": ""agent_console""}",Product=mobile network; intent=no_signal; issue=Device has no mobile network signal; channel=agent_console; interaction=free_text,Restart attempted,Phone shows no service inside the office building. | CONNECTIVITY | no_signal | mobile network | Restart attempted,"Restarted the device, confirmed the SIM was seated and escalated with location details when no signal persisted.",1,resolved,sufficient,0.84,KB-005,knowledge_base,solved,verified_template,trusted,none,no,11/02/26,synthetic_demo_authored,synthetic_support_ticket
DEMO-000011,DEMO-TKT-000011,DEMO-CUST-00011,development,New 5G phone only ever shows 4G.,CONNECTIVITY,5g_not_available,5G service,medium,neutral,en,free_text,agent_console,"{""product"": ""5G service"", ""time_reference"": ""since purchase"", ""channel"": ""agent_console""}",Product=5G service; intent=5g_not_available; issue=5G is not available on a 5G-capable device; channel=agent_console; interaction=free_text,Not stated,New 5G phone only ever shows 4G. | CONNECTIVITY | 5g_not_available | 5G service | Not stated,"Confirmed device and plan support 5G, corrected the preferred network mode and recorded the observed mode.",1,resolved,sufficient,0.84,KB-036,knowledge_base,solved,verified_template,trusted,none,no,12/03/26,synthetic_demo_authored,synthetic_support_ticket
DEMO-000012,DEMO-TKT-000012,DEMO-CUST-00012,development,Calls drop after about one minute when driving to work.,CONNECTIVITY,call_drops,voice service,medium,frustrated,en,free_text,agent_console,"{""product"": ""voice service"", ""time_reference"": ""every morning"", ""channel"": ""agent_console""}",Product=voice service; intent=call_drops; issue=Voice calls disconnect unexpectedly; channel=agent_console; interaction=free_text,Restart attempted,Calls drop after about one minute when driving to work. | CONNECTIVITY | call_drops | voice service | Restart attempted,"Checked signal availability along the route, restarted the device and recorded time and frequency of the drops.",1,resolved,sufficient,0.84,KB-003,knowledge_base,solved,verified_template,trusted,none,no,13/04/26,synthetic_demo_authored,synthetic_support_ticket
DEMO-000013,DEMO-TKT-000013,DEMO-CUST-00013,development,Callers say my voice sounds robotic and breaks up.,CONNECTIVITY,call_quality,voice service,medium,negative,en,free_text,agent_console,"{""product"": ""voice service"", ""time_reference"": ""this week"", ""channel"": ""agent_console""}",Product=voice service; intent=call_quality; issue=Poor voice quality on calls; channel=agent_console; interaction=free_text,Not stated,Callers say my voice sounds robotic and breaks up. | CONNECTIVITY | call_quality | voice service | Not stated,"Checked signal during calls, restarted the device and recorded that only outgoing audio was affected.",1,resolved,sufficient,0.84,KB-004,knowledge_base,solved,verified_template,trusted,none,no,14/05/26,synthetic_demo_authored,synthetic_support_ticket
DEMO-000014,DEMO-TKT-000014,DEMO-CUST-00014,development,Bank OTP messages are not arriving on my phone.,CONNECTIVITY,sms_not_received,SMS service,high,urgent,en,free_text,agent_console,"{""product"": ""SMS service"", ""time_reference"": ""today"", ""channel"": ""agent_console""}",Product=SMS service; intent=sms_not_received; issue=SMS or OTP messages not delivered; channel=agent_console; interaction=free_text,Not stated,Bank OTP messages are not arriving on my phone. | CONNECTIVITY | sms_not_received | SMS service | Not stated,"Restarted the device, verified network service and sent a test message; recorded that incoming SMS was affected.",1,resolved,sufficient,0.84,KB-006,knowledge_base,solved,verified_template,trusted,none,no,15/06/26,synthetic_demo_authored,synthetic_support_ticket
DEMO-000015,DEMO-TKT-000015,DEMO-CUST-00015,development,Phone says no SIM card after I dropped it.,SIM,sim_not_detected,SIM,high,frustrated,en,free_text,agent_console,"{""product"": ""SIM"", ""time_reference"": ""since yesterday"", ""channel"": ""agent_console""}",Product=SIM; intent=sim_not_detected; issue=Device does not detect the SIM card; channel=agent_console; interaction=free_text,SIM reseated,Phone says no SIM card after I dropped it. | SIM | sim_not_detected | SIM | SIM reseated,"Powered off, reseated the SIM, restarted and tested detection; escalated when the SIM was still not detected.",1,resolved,sufficient,0.84,KB-028,knowledge_base,solved,verified_template,trusted,none,no,16/07/26,synthetic_demo_authored,synthetic_support_ticket
DEMO-000016,DEMO-TKT-000016,DEMO-CUST-00016,development,New SIM still shows no service two hours after insertion.,SIM,sim_activation,SIM,medium,neutral,en,free_text,agent_console,"{""product"": ""SIM"", ""time_reference"": ""today"", ""channel"": ""agent_console""}",Product=SIM; intent=sim_activation; issue=New SIM not yet active; channel=agent_console; interaction=free_text,Not stated,New SIM still shows no service two hours after insertion. | SIM | sim_activation | SIM | Not stated,"Verified the activation request, completed the approved activation process and restarted the device.",1,resolved,sufficient,0.84,KB-026,knowledge_base,solved,verified_template,trusted,none,no,17/08/26,synthetic_demo_authored,synthetic_support_ticket
DEMO-000017,DEMO-TKT-000017,DEMO-CUST-00017,development,My SIM card is damaged and I need a replacement.,SIM,sim_replacement,eSIM,medium,neutral,en,free_text,agent_console,"{""product"": ""eSIM"", ""time_reference"": ""today"", ""channel"": ""agent_console""}",Product=eSIM; intent=sim_replacement; issue=Customer needs a replacement SIM or eSIM; channel=agent_console; interaction=free_text,Not stated,My SIM card is damaged and I need a replacement. | SIM | sim_replacement | eSIM | Not stated,Verified account and replacement eligibility through the approved process and created the replacement request.,1,resolved,sufficient,0.84,KB-027,knowledge_base,solved,verified_template,trusted,none,no,18/09/26,synthetic_demo_authored,synthetic_support_ticket
DEMO-000018,DEMO-TKT-000018,DEMO-CUST-00018,development,"No mobile service since landing abroad, roaming should be on.",CONNECTIVITY,roaming_not_working,roaming,high,urgent,en,free_text,agent_console,"{""product"": ""roaming"", ""time_reference"": ""since landing"", ""channel"": ""agent_console""}",Product=roaming; intent=roaming_not_working; issue=Service unavailable while roaming; channel=agent_console; interaction=free_text,Restart attempted,"No mobile service since landing abroad, roaming should be on. | CONNECTIVITY | roaming_not_working | roaming | Restart attempted","Confirmed roaming enabled, switched on data roaming, restarted the device and recorded the network name shown.",1,resolved,sufficient,0.84,KB-035,knowledge_base,solved,verified_template,trusted,none,no,19/01/26,synthetic_demo_authored,synthetic_support_ticket
DEMO-000019,DEMO-TKT-000019,DEMO-CUST-00019,development,I was charged twice for the same month on my mobile bill.,BILLING,billing_dispute,mobile bill,medium,frustrated,en,free_text,agent_console,"{""product"": ""mobile bill"", ""time_reference"": ""this month"", ""channel"": ""agent_console""}",Product=mobile bill; intent=billing_dispute; issue=Customer disputes a bill amount; channel=agent_console; interaction=free_text,Not stated,I was charged twice for the same month on my mobile bill. | BILLING | billing_dispute | mobile bill | Not stated,"Located both charges, confirmed they covered the same billing period, recorded both references and submitted a duplicate-charge dispute.",1,resolved,sufficient,0.84,KB-032,knowledge_base,solved,verified_template,trusted,none,no,20/02/26,synthetic_demo_authored,synthetic_support_ticket
DEMO-000020,DEMO-TKT-000020,DEMO-CUST-00020,development,The invoice total is higher than my plan amount and I want to dispute it.,BILLING,billing_dispute,mobile bill,medium,negative,en,free_text,agent_console,"{""product"": ""mobile bill"", ""time_reference"": ""this month"", ""channel"": ""agent_console""}",Product=mobile bill; intent=billing_dispute; issue=Customer disputes a bill amount; channel=agent_console; interaction=free_text,Not stated,The invoice total is higher than my plan amount and I want to dispute it. | BILLING | billing_dispute | mobile bill | Not stated,"Reviewed the bill details, identified the disputed line item, recorded the period and reason, and submitted the dispute.",1,resolved,sufficient,0.84,KB-019,knowledge_base,solved,verified_template,trusted,none,no,21/03/26,synthetic_demo_authored,synthetic_support_ticket
DEMO-000021,DEMO-TKT-000021,DEMO-CUST-00021,development,There is a charge called 'value added service' that I do not recognise.,BILLING,unexpected_charge,mobile bill,medium,negative,en,free_text,agent_console,"{""product"": ""mobile bill"", ""time_reference"": ""last bill"", ""channel"": ""agent_console""}",Product=mobile bill; intent=unexpected_charge; issue=Unrecognised charge appears on the bill; channel=agent_console; interaction=free_text,Not stated,There is a charge called 'value added service' that I do not recognise. | BILLING | unexpected_charge | mobile bill | Not stated,"Reviewed the line item and billing period, compared with account activity and routed the charge for billing review.",1,resolved,sufficient,0.84,KB-020,knowledge_base,solved,verified_template,trusted,none,no,22/04/26,synthetic_demo_authored,synthetic_support_ticket
DEMO-000022,DEMO-TKT-000022,DEMO-CUST-00022,development,Customer asked about the status of a refund for a cancelled order.,BILLING,refund_status,refund,low,neutral,en,free_text,agent_console,"{""product"": ""refund"", ""time_reference"": ""last week"", ""channel"": ""agent_console""}",Product=refund; intent=refund_status; issue=Customer asks about a refund; channel=agent_console; interaction=free_text,Not stated,Customer asked about the status of a refund for a cancelled order. | BILLING | refund_status | refund | Not stated,"Verified the refund reference and original transaction, checked the refund status and routed to billing support.",1,resolved,sufficient,0.84,KB-022,knowledge_base,solved,verified_template,trusted,none,no,23/05/26,synthetic_demo_authored,synthetic_support_ticket
DEMO-000023,DEMO-TKT-000023,DEMO-CUST-00023,development,Recharge was deducted from my bank but the balance did not update.,PLAN,recharge_issue,recharge plan,high,frustrated,en,free_text,agent_console,"{""product"": ""recharge plan"", ""time_reference"": ""today"", ""channel"": ""agent_console""}",Product=recharge plan; intent=recharge_issue; issue=Recharge or top-up not applied; channel=agent_console; interaction=free_text,Not stated,Recharge was deducted from my bank but the balance did not update. | PLAN | recharge_issue | recharge plan | Not stated,"Verified the recharge transaction status, confirmed the balance did not update and routed the transaction for review.",1,resolved,sufficient,0.84,KB-025,knowledge_base,solved,verified_template,trusted,none,no,24/06/26,synthetic_demo_authored,synthetic_support_ticket
DEMO-000024,DEMO-TKT-000024,DEMO-CUST-00024,development,Customer wants to move to a plan with more data.,PLAN,plan_change,mobile plan,low,neutral,en,free_text,agent_console,"{""product"": ""mobile plan"", ""time_reference"": ""today"", ""channel"": ""agent_console""}",Product=mobile plan; intent=plan_change; issue=Customer wants to change plan; channel=agent_console; interaction=free_text,Not stated,Customer wants to move to a plan with more data. | PLAN | plan_change | mobile plan | Not stated,"Verified the current and requested plan, confirmed eligibility through the plan-change flow and submitted the change.",1,resolved,sufficient,0.84,KB-023,knowledge_base,solved,verified_template,trusted,none,no,25/07/26,synthetic_demo_authored,synthetic_support_ticket
DEMO-000025,DEMO-TKT-000025,DEMO-CUST-00025,development,Customer asked which broadband plans are available.,PLAN,plan_information,mobile plan,low,neutral,en,free_text,agent_console,"{""product"": ""mobile plan"", ""time_reference"": ""today"", ""channel"": ""agent_console""}",Product=mobile plan; intent=plan_information; issue=Customer requests plan information; channel=agent_console; interaction=free_text,Not stated,Customer asked which broadband plans are available. | PLAN | plan_information | mobile plan | Not stated,Presented available plan information from the approved knowledge base and asked the customer to select a plan.,1,resolved,sufficient,0.84,KB-024,knowledge_base,solved,verified_template,trusted,none,no,26/08/26,synthetic_demo_authored,synthetic_support_ticket
DEMO-000026,DEMO-TKT-000026,DEMO-CUST-00026,development,App says login failed even with the correct email.,ACCOUNT,account_login,customer account,medium,negative,en,free_text,agent_console,"{""product"": ""customer account"", ""time_reference"": ""today"", ""channel"": ""agent_console""}",Product=customer account; intent=account_login; issue=Customer cannot sign in to the self-care account; channel=agent_console; interaction=free_text,Not stated,App says login failed even with the correct email. | ACCOUNT | account_login | customer account | Not stated,"Verified the account identifier, retried login and used the approved account recovery process.",1,resolved,sufficient,0.84,KB-016,knowledge_base,solved,verified_template,trusted,none,no,27/09/26,synthetic_demo_authored,synthetic_support_ticket
DEMO-000027,DEMO-TKT-000027,DEMO-CUST-00027,development,Customer suddenly lost service and received an email about a SIM change they did not request.,SECURITY,account_security,customer account,critical,urgent,en,free_text,agent_console,"{""product"": ""customer account"", ""time_reference"": ""today"", ""channel"": ""agent_console""}",Product=customer account; intent=account_security; issue=Possible compromise or suspicious account activity; channel=agent_console; interaction=free_text,Not stated,Customer suddenly lost service and received an email about a SIM change they did not request. | SECURITY | account_security | customer account | Not stated,"Treated as critical, disclosed no account data, secured the account through the security process and escalated immediately.",1,resolved,sufficient,0.84,KB-034,knowledge_base,solved,verified_template,trusted,none,yes,01/01/26,synthetic_demo_authored,synthetic_support_ticket
DEMO-000028,DEMO-TKT-000028,DEMO-CUST-00028,development,Forgot my password and the reset link has expired.,ACCOUNT,password_reset,customer account,low,neutral,en,free_text,agent_console,"{""product"": ""customer account"", ""time_reference"": ""today"", ""channel"": ""agent_console""}",Product=customer account; intent=password_reset; issue=Customer needs a password reset; channel=agent_console; interaction=free_text,Not stated,Forgot my password and the reset link has expired. | ACCOUNT | password_reset | customer account | Not stated,Used the approved password-reset flow again and completed verification.,1,resolved,sufficient,0.84,KB-017,knowledge_base,solved,verified_template,trusted,none,no,02/02/26,synthetic_demo_authored,synthetic_support_ticket
DEMO-000029,DEMO-TKT-000029,DEMO-CUST-00029,development,Need to change the email address on my account.,ACCOUNT,profile_update,customer account,low,neutral,en,free_text,agent_console,"{""product"": ""customer account"", ""time_reference"": ""today"", ""channel"": ""agent_console""}",Product=customer account; intent=profile_update; issue=Customer wants to update profile details; channel=agent_console; interaction=free_text,Not stated,Need to change the email address on my account. | ACCOUNT | profile_update | customer account | Not stated,Used the approved profile update flow and verified the saved details.,1,resolved,sufficient,0.84,KB-018,knowledge_base,solved,verified_template,trusted,none,no,03/03/26,synthetic_demo_authored,synthetic_support_ticket
DEMO-000030,DEMO-TKT-000030,DEMO-CUST-00030,development,Broadband service was installed yesterday but is not active.,INSTALLATION,service_activation,broadband,medium,negative,en,free_text,agent_console,"{""product"": ""broadband"", ""time_reference"": ""since yesterday"", ""channel"": ""agent_console""}",Product=broadband; intent=service_activation; issue=Service activation pending or incomplete; channel=agent_console; interaction=free_text,Not stated,Broadband service was installed yesterday but is not active. | INSTALLATION | service_activation | broadband | Not stated,"Verified activation request status, confirmed the activation step and routed for agent follow-up.",1,resolved,sufficient,0.84,KB-015,knowledge_base,solved,verified_template,trusted,none,no,04/04/26,synthetic_demo_authored,synthetic_support_ticket
DEMO-000031,DEMO-TKT-000031,DEMO-CUST-00031,development,Customer wants to know when the new fibre installation will happen.,INSTALLATION,new_connection_status,broadband,low,neutral,en,free_text,agent_console,"{""product"": ""broadband"", ""time_reference"": ""this week"", ""channel"": ""agent_console""}",Product=broadband; intent=new_connection_status; issue=Status of a new connection or installation; channel=agent_console; interaction=free_text,Not stated,Customer wants to know when the new fibre installation will happen. | INSTALLATION | new_connection_status | broadband | Not stated,Verified the request reference and checked installation status through the approved process.,1,resolved,sufficient,0.84,KB-014,knowledge_base,solved,verified_template,trusted,none,no,05/05/26,synthetic_demo_authored,synthetic_support_ticket
DEMO-000032,DEMO-TKT-000032,DEMO-CUST-00032,development,Customer and neighbours have no internet since the storm.,SERVICE,service_outage,broadband,high,urgent,en,free_text,agent_console,"{""product"": ""broadband"", ""time_reference"": ""since the storm"", ""channel"": ""agent_console""}",Product=broadband; intent=service_outage; issue=Possible area-wide service outage; channel=agent_console; interaction=free_text,Not stated,Customer and neighbours have no internet since the storm. | SERVICE | service_outage | broadband | Not stated,"Checked the approved service-status source, shared only confirmed outage information and escalated as no outage was listed.",1,resolved,sufficient,0.84,KB-030,knowledge_base,solved,verified_template,trusted,none,no,06/06/26,synthetic_demo_authored,synthetic_support_ticket
